generation,gender,treatment,ID,0,1,2,3,4,5,6,7,8,9,10,11,12,13,14,15,16,17,18,19,20,21,22,23,24,25,26,27,28,29
GO000012-F1,F,AHR 5然 Bap,AHR 5然 Bap-F-Arena 1-21,355.573,418.034,299.917,363.742,401.951,285.434,266.494,267.78,228.288,234.601,265.168,295.534,348.584,298.908,287.854,329.399,275.288,220.729,250.838,406.916,309.384,302.126,292.266,328.54,366.147,344.974,217.966,207.627,249.059,252.192
GO000012-F1,F,AHR 5然 Bap,AHR 5然 Bap-F-Arena 1-37,207.009,201.106,132.065,305.925,275.643,299.218,251.797,275.064,267.359,269.067,253.501,262.871,272.979,190.761,1.368,0,0,0,83.186,5.768,251.7,253.694,2.018,55.314,182.545,148.45,220.366,315.626,283.646,365.089
GO000012-F1,F,AHR 5然 Bap,AHR 5然 Bap-F-Arena 1-49,0,0,0,0,0,87.3,176.204,281.055,278.128,262.135,301.495,263.98,267.581,291.071,248.022,288.284,264.308,269.282,262.807,271.904,238.523,252.711,280.705,281.696,264.573,315.492,249.952,227.397,250.017,266.452
GO000012-F1,F,AHR 5然 Bap,AHR 5然 Bap-F-Arena 1-5,256.758,288.197,251.802,240.994,307.512,270.873,246.866,328.414,276.283,247.567,349.704,292.465,281.252,351.069,301.921,302.081,330.676,323.159,435.889,396.615,344.352,305.751,347.13,380.916,385.353,301.173,385.618,324.037,333.115,364.926
GO000012-F1,F,AHR 5然 Bap,AHR 5然 Bap-F-Arena 5-14,178.234,202.858,182.896,155.786,135.272,199.817,200.651,149.382,139.294,136.102,178.677,180.264,168.006,147.36,166.349,157.339,148.138,188.737,170.397,194.036,174.614,163.379,192.039,213.47,157.051,164.185,183.029,247.581,230.638,171.546
GO000012-F1,F,AHR 5然 Bap,AHR 5然 Bap-F-Arena 5-30,251.991,266.396,269.926,210.975,253.019,237.039,189.733,215.191,180.941,188.188,208.585,298.228,197.454,185.938,167.413,217.407,163.485,146.225,158.763,197.747,154.092,166.715,152.231,175.717,139.023,219.812,138.888,220.943,177.555,247.336
GO000012-F1,F,AHR 5然 Bap,AHR 5然 Bap-F-Arena 5-46,245.106,325.482,378.52,435.367,433.628,428.646,430.531,362.111,369.997,428.252,420.309,426.514,425.473,402.75,388.42,225.373,365.981,387.629,255.727,237.006,231.747,227.944,234.813,228.758,221.722,232.828,228.236,212.518,198.967,213.057
GO000012-F1,F,AHR 5然 Bap,AHR 5然 Bap-F-Arena 13-1,276.603,267.757,204.023,230.891,321.876,309.288,253.931,250.112,205.693,174.651,153.586,171.843,195.264,161.512,209.788,187.562,164.716,175.204,213.252,183.617,178.381,178.237,219.19,214.931,171.407,201.438,165.782,165.029,192.356,195.157
GO000012-F1,F,AHR 5然 Bap,AHR 5然 Bap-F-Arena 13-17,297.286,222.17,252.223,279.16,265.895,184.841,207.75,225.499,305.55,244.952,219.197,216.51,255.548,220.493,196.748,250.565,175.559,199.052,247.835,228.857,286.666,310.695,308.198,352.442,333.539,333.518,321.603,303.995,292.921,255.029
GO000012-F1,F,AHR 5然 Bap,AHR 5然 Bap-F-Arena 13-33,344.921,304.59,261.582,180.631,242.379,156.573,170.574,232.531,226.751,327.83,373.674,358.633,267.902,319.376,254.518,328.723,242.428,178.488,205.255,155.481,218.991,204.516,193.573,248.781,211.001,263.709,226.257,238.669,245.45,178.013
GO000012-F1,F,AHR 5然 Bap,AHR 5然 Bap-F-Arena 14-18,326.399,405.741,348.197,282.913,320.693,291.839,322.773,227.544,268.766,245.439,296.428,275.738,224.1,360.314,361.123,334.766,227.632,283.793,296.041,201.453,232.999,257.497,257.095,236.02,240.628,227.808,241.52,220.493,175.751,246.975
GO000012-F1,F,AHR 5然 Bap,AHR 5然 Bap-F-Arena 14-2,252.199,209.569,240.365,228.365,220.999,184.673,206.561,223.41,186.228,184.884,172.042,182.003,176.019,187.51,181.498,182.109,174.579,159.628,219.121,226.898,227.685,169.242,203.857,165.958,178.418,204.191,164.266,192.953,190.48,198.269
GO000012-F1,F,AHR 5然 Bap,AHR 5然 Bap-F-Arena 14-34,279.174,304.628,261.819,342.265,258.294,189.254,221.004,219.664,241.931,247.848,224.228,227.733,289.961,309.445,241.229,265.543,292.633,318.016,279.612,257.131,236.286,242.541,249.864,214.566,243.553,217.039,235.953,319.22,281.42,228.815
GO000012-F1,F,AHR 5然 Bap,AHR 5然 Bap-F-Arena 2-22,390.181,535.487,446.66,449.747,421.468,498.591,441.789,479.614,475.909,413.739,477.314,589.035,591.368,585.533,594.681,633.081,577.85,590.644,575.32,593.24,588.752,581.206,587.458,587.335,582.84,591.534,547.749,502.306,433.635,440.666
GO000012-F1,F,AHR 5然 Bap,AHR 5然 Bap-F-Arena 2-38,345.413,380.009,366.328,325.89,274.226,268.21,288.003,422.641,275.516,234.529,258.287,221.857,227.844,223.31,212.564,211.171,228.45,235.353,231.395,222.826,225.643,219.915,179.503,188.276,205.126,272.011,481.854,274.482,399.099,253.528
GO000012-F1,F,AHR 5然 Bap,AHR 5然 Bap-F-Arena 2-50,365.643,311.016,282.677,283.409,246.512,201.561,299.331,231.611,211.405,203.629,203.844,240.172,215.862,191.549,250.838,196.844,243.042,222.529,234.481,222.3,204.358,197.01,193.789,224.331,229.502,197.336,292.687,244.088,218.395,223.439
GO000012-F1,F,AHR 5然 Bap,AHR 5然 Bap-F-Arena 2-6,218.231,233.619,194.7,216.584,254.488,232.382,210.896,216.393,205.32,211.453,214.347,194.891,158.547,218.777,224.009,236.017,231.153,180.804,214.004,200.176,198.302,360.084,305.09,278.814,297.46,240.356,208.87,184.393,190.411,168.326
GO000012-F1,F,AHR 5然 Bap,AHR 5然 Bap-F-Arena 5-25,328.338,287.921,282.509,265.393,250.048,260.907,266.514,268.686,190.38,204.334,219.332,223.734,212.555,248.1,178.004,241.52,237.207,189.736,182.076,243.046,245.247,215.17,182.473,172.865,190.118,177.043,197.773,218.774,215.475,226.692
GO000012-F1,F,AHR 5然 Bap,AHR 5然 Bap-F-Arena 5-41,206.745,251.734,281.38,316.114,283.269,277.673,250.434,250.477,377.349,285.673,359.256,305.179,285.007,215.133,275.288,253.207,265.115,318.202,299.381,280.041,284.331,255.682,300.808,259.886,209.668,267.871,272.438,292.067,260.419,305.699
GO000012-F1,F,AHR 5然 Bap,AHR 5然 Bap-F-Arena 5-53,199.717,278.02,243.019,256.666,266.465,236.453,243.269,239.292,253.333,279.908,260.437,239.378,223.841,234.928,309.231,339.024,318.396,352.578,338.097,281.003,226.627,221.298,208.31,271.323,343.485,280.728,322.889,266.174,247.99,339.644
GO000012-F1,F,AHR 5然 Bap,AHR 5然 Bap-F-Arena 5-9,320.535,266.499,303.167,495.174,399.103,451.177,386.365,312.663,294.899,296.037,308.451,432.94,320.345,427.842,352.709,225.349,324.097,403.377,438.53,534.184,370.81,294.623,373.282,440.001,423.864,449.742,460.493,377.56,361.534,217.791
GO000012-F1,F,AHR 5然 Bap,AHR 5然 Bap-F-Arena 6-5,452.681,345.59,345.792,363.006,367.275,233.058,365.124,327.714,271.501,392.673,295.856,347.668,305.69,195.676,230.319,271.311,410.861,237.973,273.223,276.416,491.593,501.068,301.374,271.935,399.876,321.839,324.815,303.259,207.63,298.133
GO000012-F1,F,AHR 5然 Bap,AHR 5然 Bap-F-Arena 6-26,357.487,339.205,282.169,257.708,244.548,275.699,254.35,309.794,210.662,240.988,277.689,247.559,244.966,224.523,276.56,211.279,270.659,219.583,201.415,275.088,206.301,188.255,197.547,222.178,280.727,209.044,225.825,172.413,166.673,157.395
GO000012-F1,F,AHR 5然 Bap,AHR 5然 Bap-F-Arena 6-42,314.183,264.9,282.225,391.074,307.223,347.566,285.141,272.615,345.726,308.946,316.338,362.829,371.699,295.882,368.728,335.877,355.727,308.968,288.616,314.054,262.698,320.867,298.703,228.086,260.906,305.245,324.998,316.25,226.856,255.839
GO000012-F1,F,AHR 5然 Bap,AHR 5然 Bap-F-Arena 6-54,211.95,229.052,198.244,210.408,186.936,210.123,241.84,278.09,358.749,278.29,211.36,275.471,319.145,257.66,222.944,278.934,244.569,257.738,319.802,229.273,184.825,209.712,173.965,249.819,221.98,233.089,196.956,215.892,198.211,176.554
GO000012-F1,F,AHR 5然 Bap,AHR 5然 Bap-F-Arena 9-13,208.338,363.999,380.913,221.109,287.054,383.766,249.567,227.279,296.359,144.072,229.204,177.906,163.488,219.646,206.496,201.265,200.433,181.375,201.259,163.417,155.082,236.46,345.411,388.233,362.448,323.854,326.445,263.438,328.999,210.718
GO000012-F1,F,AHR 5然 Bap,AHR 5然 Bap-F-Arena 9-29,169.13,194.122,127.868,137.652,170.441,140.869,168.577,169.936,203.625,231.25,239.832,161.164,213.221,225.181,163.412,192.989,194.333,205.736,185.014,169.567,169.878,159.36,157.52,171.514,150.538,153.954,175.655,119.082,171.745,177.688
GO000012-F1,F,AHR 5然 Bap,AHR 5然 Bap-F-Arena 9-45,214.07,257.318,182.596,249.007,351.376,332.93,187.075,209.829,178.096,203.338,268.994,316.536,326.054,326.688,245.681,267.694,292.026,247.244,245.629,271.924,334.947,283.253,373.899,260.654,267.604,161.362,179.928,208.118,252.555,278.582
GO000012-F1,M,AHR 5然 Bap,AHR 5然 Bap-M-Arena 11-15,248.102,169.605,170.304,148.599,151.016,141.846,199.658,179.817,158.526,176.29,176.728,182.185,182.903,151.39,116.255,129.09,240.522,288.45,315.439,118.941,0,0,0,0,0,0,61.962,141.131,145.411,146.59
GO000012-F1,M,AHR 5然 Bap,AHR 5然 Bap-M-Arena 11-31,254.411,249.378,337.853,291.901,364.72,363.079,352.349,294.387,232.211,276.553,235.101,287.957,242.678,224.245,264.206,314.683,221.688,279.027,252.857,359.057,373.472,366.728,392.797,359.909,291.386,263.828,561.491,518.073,424.58,331.884
GO000012-F1,M,AHR 5然 Bap,AHR 5然 Bap-M-Arena 11-47,377.544,376.554,363.375,322.142,374.689,430,438.897,430.801,374.01,304.446,319.261,310.973,319.535,303.187,292.281,281.553,301.475,284.797,291.987,274.895,269.021,301.783,279.473,285.686,279.987,296.536,291.717,270.462,258.271,278.624
GO000012-F1,M,AHR 5然 Bap,AHR 5然 Bap-M-Arena 12-16,239.285,255.218,323.892,356.137,250.861,217.837,241.772,234.806,219.255,270.632,312.927,264.708,190.783,259.04,209.623,199.752,218.303,216.782,265.824,225.723,171.826,214.383,255.829,238.622,256.158,236.799,271.482,237.331,193.703,150.756
GO000012-F1,M,AHR 5然 Bap,AHR 5然 Bap-M-Arena 12-32,269.92,300.846,103.956,232.797,207.043,282.211,329.556,346.758,325.03,341.793,376.443,350.41,403.26,404.923,369.073,389.898,435.739,459.706,376.927,361.069,395.83,250.524,164.859,345.001,409.18,399.089,389.74,444.133,377.852,438.315
GO000012-F1,M,AHR 5然 Bap,AHR 5然 Bap-M-Arena 12-48,292.329,288.019,232.568,201.655,227.555,275.461,232.459,196.203,148.797,232.349,207.4,229.59,206.928,239.954,179.364,172.468,149.226,160.145,156.012,142.68,140.894,125.092,129.931,143.514,145.824,129.049,126.766,98.366,116.081,113.244
GO000012-F1,M,AHR 5然 Bap,AHR 5然 Bap-M-Arena 15-19,291.874,303.528,293.348,304.614,334.197,396.362,352.16,433.588,302.172,220.961,256.298,234.984,233.057,219.859,237.05,229.218,238.72,239.868,229.9,239.315,238.835,229.392,243.431,249.956,242.764,223.355,243.528,232.153,307.734,276.348
GO000012-F1,M,AHR 5然 Bap,AHR 5然 Bap-M-Arena 15-3,483.06,418.267,312.322,326.067,296.641,246.161,199.275,312.046,210.792,189.897,275.557,251.535,345.308,441.493,297.857,189.86,249.916,309.451,211.614,307.483,182.654,275.965,257.051,278.451,276.649,220.115,195.615,203.234,276.984,260.089
GO000012-F1,M,AHR 5然 Bap,AHR 5然 Bap-M-Arena 15-35,396.567,409.318,389.829,343.959,380.588,354.635,320.165,382.983,393.119,420.508,237.315,256.988,211.354,208.438,205.887,228.106,211.932,256.715,238.976,352.246,240.107,234.5,275.797,294.12,250.195,248.203,234.098,169.056,186.866,178.544
GO000012-F1,M,AHR 5然 Bap,AHR 5然 Bap-M-Arena 16-20,307.169,292.422,258.878,267.447,231.968,247.704,284.084,283.498,260.051,256.049,285.576,232.633,244.472,242.367,232.137,237.491,218.372,264.162,205.595,217.859,202.034,234.677,185.301,247.178,211.46,208.815,200.429,206.607,177.167,237.571
GO000012-F1,M,AHR 5然 Bap,AHR 5然 Bap-M-Arena 16-36,444.398,430.086,537.807,434.136,458.654,402.401,296.653,335.226,387.395,290.285,374.729,293.409,238.957,293.157,337.462,243.384,282.568,278.384,269.246,263.503,283.294,319.963,228.353,248.42,250.741,293.691,250.796,324.709,279.617,319.508
GO000012-F1,M,AHR 5然 Bap,AHR 5然 Bap-M-Arena 16-4,542.274,487.454,251.306,192.228,247.82,187.852,239.136,230.862,252.347,317.288,286.083,226.986,413.898,322.753,357.732,352.277,227.111,154.856,156.966,155.8,148.591,119.499,178.999,134.106,113.077,114.233,142.601,86.972,183.494,139.485
GO000012-F1,M,AHR 5然 Bap,AHR 5然 Bap-M-Arena 3-23,299.143,275.554,233.757,253.068,224.275,179.206,284.523,241.345,206.108,184.679,231.721,229.333,182.445,242.803,232.164,198.09,223.308,157.393,213.214,256.992,164.795,215.759,231.793,178.345,200.915,199.536,220.516,224.3,185.359,178.474
GO000012-F1,M,AHR 5然 Bap,AHR 5然 Bap-M-Arena 3-39,491.779,506.281,464.349,463.794,444.66,429.971,362.916,366.766,394.065,427.181,402.444,349.38,327.576,312.699,466.085,397.693,357.796,349.53,366.621,346.694,314.242,352.982,384.806,324.117,304.562,309.76,296.478,264.887,378.095,328.667
GO000012-F1,M,AHR 5然 Bap,AHR 5然 Bap-M-Arena 3-51,565.636,537.112,534.172,677.827,604.578,674.944,648.075,640.653,666.899,652.66,641.355,616.022,668.353,674.485,495.647,549.859,574.984,555.123,577.929,491.182,422.078,505.26,502.103,405.78,353.731,412.744,282.232,342.506,340.247,469.912
GO000012-F1,M,AHR 5然 Bap,AHR 5然 Bap-M-Arena 3-7,324.294,399.582,395.974,323.581,345.76,352.921,350.242,379.992,411.605,357.804,308.348,301.026,303.351,293.24,272.98,263.412,259.198,267.231,269.165,237.174,261.444,239.074,246.971,248.14,260.286,260.021,250.992,260.103,266.119,255.053
GO000012-F1,M,AHR 5然 Bap,AHR 5然 Bap-M-Arena 4-24,293.502,385.302,276.463,265.655,183.023,280.426,350.905,350.556,351.397,237.619,246.471,252.824,270.528,220.617,236.411,209.955,250.868,225.855,303.778,312.051,269.021,299.347,310.617,204.829,263.596,259.099,278.958,290.695,202.917,249.334
GO000012-F1,M,AHR 5然 Bap,AHR 5然 Bap-M-Arena 4-40,408.75,423.666,404.54,377.298,371.928,309.245,271.943,274.916,276.433,341.654,370.068,353.671,350.023,319.826,76.864,31.041,258.949,178.808,234.798,255.566,152.491,257.61,195.219,221.515,296.527,220.147,401.023,224.832,206.551,275.248
GO000012-F1,M,AHR 5然 Bap,AHR 5然 Bap-M-Arena 4-52,435.766,370.55,376.117,434.264,427.711,446.676,384.036,319.592,350.555,347.05,325.83,352.018,331.491,330.295,311.089,339.81,354.842,339.711,337.997,309.329,321.254,292.109,342.683,335.125,309.019,303.792,317.288,324.742,315.516,332.22
GO000012-F1,M,AHR 5然 Bap,AHR 5然 Bap-M-Arena 4-8,369.026,316.977,318.104,274.228,296.376,290.376,296.689,312.248,285.945,319.204,325.32,281.306,252.612,290.3,247.134,290.493,231.894,286.882,263.67,239.936,196.599,298.822,234.426,219.568,306.591,276.351,270.546,292.551,321.674,331.248
GO000012-F1,M,AHR 5然 Bap,AHR 5然 Bap-M-Arena 7-11,411.742,328.859,239.655,249.322,290.609,380.493,309.016,219.357,218.286,201.155,279.611,370.202,258.095,231.585,203.779,196.368,193.655,199.061,183.57,280.424,232.332,191.284,184.504,194.394,224.133,208.224,207.948,201.078,219.23,214.762
GO000012-F1,M,AHR 5然 Bap,AHR 5然 Bap-M-Arena 7-27,457.461,427.472,488.968,517.836,550.528,497.396,387.077,369.959,411.574,422.745,432.936,346.814,393.25,367.669,432.827,386.687,405.541,396.359,541.209,544.012,576.263,567.794,515.566,499.64,555.874,575.333,605.372,590.662,518.368,514.016
GO000012-F1,M,AHR 5然 Bap,AHR 5然 Bap-M-Arena 7-43,426.795,385.646,476.335,401.452,403.232,439.159,314.525,401.946,478.964,485.572,444.538,521.552,303.311,371.772,251.738,234.009,233.264,244.192,219.728,187.652,416.763,241.418,205.343,221.991,211.923,196.485,165.667,166.85,192.815,206.922
GO000012-F1,M,AHR 5然 Bap,AHR 5然 Bap-M-Arena 7-55,333.653,313.823,307.695,339.192,328.162,380.716,343.742,332.06,386.537,421.489,478.574,348.579,458.747,370.103,515.277,469.952,480.242,479.84,273.475,422.802,357.162,307.346,362.719,315.869,290.385,308.349,323.815,260.99,250.373,277.002
GO000012-F1,M,AHR 5然 Bap,AHR 5然 Bap-M-Arena 8-12,297.005,327.787,285.633,279.939,293.503,305.003,333.795,284.869,283.87,294.017,290.244,299.569,317.593,320.491,304.431,319.285,308.952,262.948,302.1,252.084,243.654,298.709,284.877,260.621,258.068,290.344,240.573,313.377,326.339,284.198
GO000012-F1,M,AHR 5然 Bap,AHR 5然 Bap-M-Arena 8-28,345.273,326.175,307.06,392.612,376.698,200.366,378.656,197.442,253.238,193.161,205.548,227.992,266.855,218.723,260.022,285.52,256.034,311.005,302.768,321.154,231.432,354.237,208.724,214.055,222.168,230.425,194.484,347.153,329.613,377.144
GO000012-F1,M,AHR 5然 Bap,AHR 5然 Bap-M-Arena 8-44,276.489,245.339,236.459,184.296,223.967,231.394,223.349,178.955,205.457,250.848,267.574,253.406,263.595,282.578,213.368,235.24,266.94,187.303,224.267,225.343,226.559,220.004,212.361,230.632,238.309,221.189,216.469,204.701,204.916,194.273
GO000012-F1,F,AHR DMSO,AHR DMSO-F-Arena 1-25,281.102,265.996,217.823,262.362,230.813,263.518,223.414,245.265,253.731,251.529,242.788,244.246,245.645,252.868,248.743,247.345,259.263,240.023,247.315,212.026,220.015,244.063,246.21,252.282,262.18,274.059,277.18,277.135,267.237,266.706
GO000012-F1,F,AHR DMSO,AHR DMSO-F-Arena 1-9,460.77,371.349,370.6,342.58,349.695,264.941,453.647,335.307,317.488,423.239,415.466,309.206,466.694,531.134,419.201,334.458,379.245,336.99,359.154,315.18,473.762,471.836,396.964,325.926,393.374,360.653,333.09,348.086,309.767,317.161
GO000012-F1,F,AHR DMSO,AHR DMSO-F-Arena 5-18,391.197,435.261,373.22,287.297,331.421,308.914,347.307,346.446,283.031,241.478,271.563,273.501,291.829,284.742,244.841,270.092,239.173,247.932,265.275,338.249,332.871,311.217,238.732,240.602,238.219,324.795,248.408,316.286,241.167,271.825
GO000012-F1,F,AHR DMSO,AHR DMSO-F-Arena 5-2,311.364,329.052,281.468,273.122,300.864,367.6,361.462,274.224,286.851,246.903,276.039,251.462,279.265,334.751,300.547,367.175,300.029,363.988,387.345,393.266,419.068,410.968,375.294,404.143,403.881,419.175,359.37,378.733,451.296,390.907
GO000012-F1,F,AHR DMSO,AHR DMSO-F-Arena 5-34,463.413,493.448,446.332,416.817,327.471,342.72,407.185,357.533,317.468,355.624,429.061,379.185,300.023,339.302,353.873,374.734,369.14,361.864,317.376,370.062,399.796,306.259,354.74,332.933,344.968,312.742,332.21,343.021,315.372,362.884
GO000012-F1,F,AHR DMSO,AHR DMSO-F-Arena 13-21,350.902,292.643,283.135,312.298,293.536,300.5,269.723,334.243,248.975,296.918,266.28,260.004,191.629,222.432,228.469,232.417,206.311,245.355,317.578,294.528,314.725,307.893,318.833,385.715,353.44,308.646,263.312,249.76,232.389,218.357
GO000012-F1,F,AHR DMSO,AHR DMSO-F-Arena 13-5,229.946,255.809,230.95,215.458,246.228,230.083,200.874,210.368,249.829,179.005,173.234,268.449,188.784,231.753,226.025,275.401,181.232,241.967,267.731,251.281,244.811,253.371,251.138,247.956,240.68,237.02,239.707,244.424,197.009,245.279
GO000012-F1,F,AHR DMSO,AHR DMSO-F-Arena 14-22,241.208,207.362,235.612,219.652,202.072,205.925,189.785,199.438,206.875,185.72,186.412,183.62,177.509,161.694,180.797,181.644,194.997,181.735,187.176,203.615,210.678,214.737,201.73,199.74,125.981,165.725,189.421,233.172,177.981,172.935
GO000012-F1,F,AHR DMSO,AHR DMSO-F-Arena 14-6,283.21,262.764,285.576,291.165,232.208,254.85,240.054,291.049,297.479,289.003,252.423,262.331,287.171,219.191,221.682,229.239,200.918,234.553,218.465,221.158,226.383,277.423,300.102,258.725,248.329,237.631,226.732,209.775,237.919,246.654
GO000012-F1,F,AHR DMSO,AHR DMSO-F-Arena 2-5,313.916,317.325,492.186,552.653,547.496,537.594,302.853,346.295,425.877,558.3,442.256,303.992,277.025,289.966,499.957,541.31,565.546,536.757,555.76,525.461,292.932,283.983,299.923,267.624,442.981,311.553,335.794,394.73,545.419,508.677
GO000012-F1,F,AHR DMSO,AHR DMSO-F-Arena 2-26,270.044,272.707,272.845,303.298,251.775,285.656,287.528,297.146,266.429,242.322,252.913,229.068,279.695,268.313,273.049,247.551,226.848,242.938,287.528,201.96,252.129,296.746,297.119,211.123,217.7,305.977,251.208,278.467,260.249,269.842
GO000012-F1,F,AHR DMSO,AHR DMSO-F-Arena 5-13,373.26,240.927,215.185,258.375,173.669,229.738,221.537,244.118,225.527,213.412,246.306,202.484,241.863,262.561,242.009,226.362,241.875,224.868,251.985,248.08,249.558,239.512,272.007,266.185,229.946,242.008,267.788,239.42,355.851,269.688
GO000012-F1,F,AHR DMSO,AHR DMSO-F-Arena 5-29,265.78,275.995,260.719,252.168,235.073,225.454,234.571,255.724,320.953,280.714,269.186,251.543,272.024,274.643,266.462,259.862,260.668,260.939,374.412,289.576,286.587,319.349,310.945,294.584,275.035,326.478,286.685,268.898,302.357,308.915
GO000012-F1,F,AHR DMSO,AHR DMSO-F-Arena 6-14,374.471,383.629,393.806,327.001,347.666,335.004,349.57,338.131,403.293,377.098,366.216,303.598,224.155,349.261,308.546,300.572,293.996,269.734,274.491,245.863,250.288,247.699,313.144,340.513,348.779,271.41,298.348,238.334,241.854,337.081
GO000012-F1,F,AHR DMSO,AHR DMSO-F-Arena 6-30,290.544,293.926,317.524,304.27,342.51,302.373,384.949,331.375,266.951,299.821,282.933,288.816,268.602,242.945,300.938,335.114,335.514,338.074,329.42,243.666,322.662,368.763,380.873,404.788,419.877,410.194,398.876,411.544,351.205,406.216
GO000012-F1,F,AHR DMSO,AHR DMSO-F-Arena 9-1,386.998,317.3,289.494,337.833,350.663,335.574,355.909,310.567,347.935,210.831,234.489,302.781,333.338,288.322,280.423,353.387,257.29,260.933,283.65,276.431,339.737,284.34,321.975,290.401,309.135,276.017,239.33,225.973,272.461,230.755
GO000012-F1,F,AHR DMSO,AHR DMSO-F-Arena 9-17,267.979,309.067,314.374,292.9,253.23,289.474,289.584,310.16,322.665,337.699,338.682,309.917,351.671,355.49,328.365,302.402,273.94,340.351,371.795,351.378,341.23,385.24,324.26,308.952,313.241,321.065,330.689,325.737,325.787,353.522
GO000012-F1,F,AHR DMSO,AHR DMSO-F-Arena 9-33,366.504,315.375,317.763,321.18,358.893,365.424,353.867,261.473,295.835,298.707,292.674,284.547,341.518,356.133,299.374,249.374,276.118,269.562,311.244,312.731,278.194,257.102,277.292,290.362,256.844,282.782,361.273,411.317,381.092,377.357
GO000012-F1,M,AHR DMSO,AHR DMSO-M-Arena 11-19,408.013,454.146,459.682,418.438,368.118,355.919,355.145,315.648,364.513,359.099,360.883,360.633,336.942,295.744,304.02,293.542,307.057,294.112,312.806,321.206,352.276,317.663,322.296,267.795,344.628,318.328,342.084,299.343,315.608,358.402
GO000012-F1,M,AHR DMSO,AHR DMSO-M-Arena 11-3,0,6.4,403.917,21.386,25.302,0,186.914,223.745,138.81,184.294,209.039,307.769,17.307,5.777,8.414,0,0,0,114.308,157.752,207.048,11.939,7.927,9.16,10.482,0,0,0,0,0
GO000012-F1,M,AHR DMSO,AHR DMSO-M-Arena 11-35,463.418,493.936,509.753,494.351,469.057,436.86,484.187,457.817,332.888,413.763,466.605,308.869,413.93,464.641,438.925,408.533,401.366,393.777,358.673,380.142,241.876,264.497,340.902,438.68,445.773,334.802,333.656,382.347,410.536,367.387
GO000012-F1,M,AHR DMSO,AHR DMSO-M-Arena 12-20,598.362,542.317,376.472,370.307,342.924,400.915,568.691,473.005,415.02,438.334,282.393,387.03,607.986,424.631,287.107,515.293,576.809,185.83,421.922,314.734,442.025,394.391,257.789,222.509,268.844,353.676,386.283,368.473,379.288,408.494
GO000012-F1,M,AHR DMSO,AHR DMSO-M-Arena 12-36,0,0,0,0,0,0,0,0,0,0,0,0,0,0,0,0,0,0,0,0,0,0,0,0,0,0,0,0,0,0
GO000012-F1,M,AHR DMSO,AHR DMSO-M-Arena 12-4,393.28,409.024,418.484,353.522,407.078,402.225,470.662,403.534,374.905,302.378,289.807,342.144,493.362,450.739,314.662,252.979,310.462,346.056,320.237,389.713,330.391,295.112,229.118,207.644,236.09,251.283,224.698,270.222,248.622,193.186
GO000012-F1,M,AHR DMSO,AHR DMSO-M-Arena 15-23,341.601,358.238,336.334,337.534,344.799,269.212,435.042,514.11,525.94,446.633,387.106,428.649,432.645,465.61,479.88,467.543,460.265,467.908,449.116,347.561,300.701,464.913,387.379,391.223,420.553,414.958,355.984,205.41,330.039,371.474
GO000012-F1,M,AHR DMSO,AHR DMSO-M-Arena 15-7,321.269,324.597,335.672,231.542,258.042,308.616,189.25,248.633,189.398,217.822,210.261,168.9,215.356,228.722,183.622,138.626,148.458,145.69,194.296,392.792,283.313,202.235,201.437,185.577,281.001,149.853,364.013,374.218,159.401,377.094
GO000012-F1,M,AHR DMSO,AHR DMSO-M-Arena 16-24,351.23,274.037,329.045,380.216,342.084,336.818,372.605,386.22,386.2,371.437,351.316,339.701,432.094,358.811,379.009,367.086,342.052,263.902,276.892,420.257,373.601,305.88,333.134,227.954,397.285,442.981,395.84,280.014,339.012,362.438
GO000012-F1,M,AHR DMSO,AHR DMSO-M-Arena 16-8,348.733,363.059,391.413,349.434,362.686,372.799,406.394,386.736,275.06,400.232,322.379,265.938,235.892,288.393,306.901,274.2,354.437,302.288,357.497,337.064,267.234,306.863,340.041,324.497,285.705,221.502,290.851,299.335,266.699,271.528
GO000012-F1,M,AHR DMSO,AHR DMSO-M-Arena 3-11,544.232,548.128,470.635,515.34,436.922,524.521,480.583,534.024,506.334,529.448,520.048,464.428,490.204,474.22,562.435,481.606,555.804,518.445,435.837,491.12,465.66,527.039,475.544,538.578,488.676,440.089,461.09,458.786,433.7,484.616
GO000012-F1,M,AHR DMSO,AHR DMSO-M-Arena 3-27,382.768,341.634,413.728,465.123,438.217,358.324,400.555,399.691,430.238,410.433,368.368,265.007,385.626,328.397,356.296,371.729,369.624,376.97,376.853,260.619,320.975,353.466,410.05,435.121,445.143,442.324,456.282,461.063,453.762,468.793
GO000012-F1,M,AHR DMSO,AHR DMSO-M-Arena 4-12,466.527,461.41,459.962,359.22,393.59,442.788,380.154,312.09,405.647,306.804,285.976,272.158,261.865,313.745,283.146,345.935,351.066,282.569,197.066,270.771,245.845,285.429,252.586,237.339,280.067,245.77,264.614,266.315,290.726,362.022
GO000012-F1,M,AHR DMSO,AHR DMSO-M-Arena 4-28,461.117,392.026,493.739,379.875,458.62,483.492,504.595,449.742,461.27,460.085,413.524,400.942,322.848,257.254,317.698,312.676,357.338,361.791,379.05,388.876,371.51,353.999,405.762,429.787,381.973,344.539,243.757,247,270.51,219.426
GO000012-F1,M,AHR DMSO,AHR DMSO-M-Arena 7-15,292.661,359.485,460.558,446.771,320.022,409.699,520.818,543.592,449.698,450.37,450.562,288.092,363.352,377.809,405.239,323.29,243.494,205.577,276.377,327.862,268.936,250.531,235.881,347.195,431.706,321.323,271.91,264.616,264.682,253.214
GO000012-F1,M,AHR DMSO,AHR DMSO-M-Arena 7-31,252.632,245.266,230.601,215.282,217.775,205.515,200.39,217.997,186.269,200.67,219.671,207.919,200.138,201.83,190.554,213.345,193.455,215.283,206.296,200.65,183.582,202.152,183.068,166.531,175.933,180.272,179.194,219.878,195.787,209.785
GO000012-F1,M,AHR DMSO,AHR DMSO-M-Arena 8-16,289.014,238.227,310.918,191.142,240.142,250.106,234.163,320.254,244.765,262.064,263.698,237.245,261.733,285.837,263.632,237.353,311.394,365.453,331.127,291.842,316.44,285.453,283.883,278.956,277.998,272.709,392.486,438.112,407.622,451.941
GO000012-F1,M,AHR DMSO,AHR DMSO-M-Arena 8-32,212.893,214.834,215.722,229.947,197.893,197.485,195.921,204.608,210.765,202.305,223.882,220.787,192.388,199.767,189.663,202.873,172.119,191.574,193.257,186.574,208.471,207.673,200.08,185.75,171.874,226.793,200.238,222.669,206.611,204.234
GO000012-F1,F,COMO 5然 Bap,COMO 5然 Bap-F-Arena 1-13,328.816,288.914,298.622,277.707,277.529,267.66,229.722,236.547,217.153,217.068,209.217,198.176,431.73,326.353,329.194,314.06,269.766,235.565,338.693,319.523,308.736,239.878,252.325,248.039,252.655,247.918,236.416,257.09,382.697,292.771
GO000012-F1,F,COMO 5然 Bap,COMO 5然 Bap-F-Arena 1-29,240.814,244.189,264.547,197.986,215.004,205.47,198.482,173.992,193.139,238.769,173.341,162.244,206.926,179.568,163.285,187.608,182.045,284.299,171.379,193.299,200.717,249.161,241.339,204.624,197.752,183.7,280.461,228.162,170.325,178.574
GO000012-F1,F,COMO 5然 Bap,COMO 5然 Bap-F-Arena 1-41,340.609,320.143,245.177,322.405,200.009,268.322,264.346,197.343,245.42,213.206,208.815,203.444,253.542,260.253,252.485,227.663,251.848,227.886,202.561,224.272,170.506,159.443,227.179,245.101,196.682,113.864,117.4,104.726,272.58,240.016
GO000012-F1,F,COMO 5然 Bap,COMO 5然 Bap-F-Arena 1-53,235.815,268.346,214.77,267.885,243.682,256.296,288.489,272.059,209.875,268.384,237.025,317.983,256.458,310.54,298.272,240.603,196.34,236.672,231.645,245.257,239.963,292.584,323.677,288.619,279.005,269.784,328.601,312.717,290.548,283.475
GO000012-F1,F,COMO 5然 Bap,COMO 5然 Bap-F-Arena 1-61,232.202,269.531,254.162,287.431,311.632,282.397,304.384,358.724,391.445,220.241,283.852,185.103,177.315,197.071,230.811,218.423,207.874,256.529,240.987,198,149.94,166.201,176.83,136.3,129.282,223.946,240.769,212.533,179.037,236.071
GO000012-F1,F,COMO 5然 Bap,COMO 5然 Bap-F-Arena 5-22,261.966,310.225,370.884,299.111,248.845,388.328,348.575,371.246,372.918,391.273,322.631,363.408,408.476,392.998,270.401,216.209,218.85,283.308,248.993,189.563,222.924,211.009,246.072,235.281,267.155,195.357,269.149,252.738,342.71,304.483
GO000012-F1,F,COMO 5然 Bap,COMO 5然 Bap-F-Arena 5-38,370.473,349.801,364.899,337.958,300.725,353.637,355.818,293.061,323.962,300.389,296.652,327.705,351.075,355.628,318.555,195.341,315.092,233.347,343.696,325.503,243.409,269.054,247.972,393.951,341.672,300.905,273.073,335.548,294.881,240.805
GO000012-F1,F,COMO 5然 Bap,COMO 5然 Bap-F-Arena 5-50,412.7,360.967,348.646,345.318,351.349,281.583,382.068,427.213,391.168,398.752,386.76,336.523,327.626,346.211,354.143,398.434,361.139,326.04,303.861,478.755,405.636,439.347,395.468,358.299,403.996,391.316,372.572,414.558,334.912,337.932
GO000012-F1,F,COMO 5然 Bap,COMO 5然 Bap-F-Arena 5-6,512.209,493.648,480.151,484.215,514.795,470.915,506.969,438.296,502.535,416.272,457.817,492.649,478.397,467.771,467.741,516.708,508.815,465.448,486.324,473.333,408.305,440.245,447.258,440.864,482.732,473.969,480.139,539.627,528.094,538.813
GO000012-F1,F,COMO 5然 Bap,COMO 5然 Bap-F-Arena 13-25,519.52,488.559,437.09,411.072,421.194,376.609,391.95,299.209,380.939,345.393,352.707,354.37,355.199,307.003,310.882,253.93,293.766,462.441,338.138,277.595,285.947,319.806,296.314,271.355,288.658,304.658,294.122,297.696,341.74,255.564
GO000012-F1,F,COMO 5然 Bap,COMO 5然 Bap-F-Arena 13-9,268.767,269.068,327.06,300.853,276.163,320.25,270.035,272.764,231.261,217.805,281.629,254.546,272.68,239.395,284.489,290.616,276.957,285.917,194.462,196.146,256.166,239.439,282.232,269.116,271.801,270.479,247.212,248.976,261.064,239.327
GO000012-F1,F,COMO 5然 Bap,COMO 5然 Bap-F-Arena 14-5,362.321,335.961,396.852,447.793,341.511,253.331,347.577,360.053,410.143,326.16,263.901,250.316,344.531,275.858,196.803,217.631,201.431,246.72,256.541,299.565,311.088,237.461,240.277,289.98,325.032,206.546,217.947,271.275,229.688,224.175
GO000012-F1,F,COMO 5然 Bap,COMO 5然 Bap-F-Arena 14-26,272.938,262.737,210.662,267.142,300.493,366.351,219.112,199.865,192.694,210.892,217.073,222.397,232.938,189.074,195.663,245.368,218.107,237.187,209.243,237.474,246.567,219.481,213.858,300.381,250.497,236.448,209.285,247.183,208.268,211.487
GO000012-F1,F,COMO 5然 Bap,COMO 5然 Bap-F-Arena 2-14,269.816,265.732,259.724,299.325,330.205,302.784,216.354,194.067,203.835,243.176,246.275,228.745,256.002,318.511,207.237,231.008,220.907,207.949,289.243,314.025,286.406,259.305,223.82,233.792,238.629,243.455,286.477,282.112,298.251,266.533
GO000012-F1,F,COMO 5然 Bap,COMO 5然 Bap-F-Arena 2-30,299.909,345.397,298.271,338.46,290.092,422.689,249.572,338.368,323.149,431.776,352.696,304.387,384.09,307.389,291.821,261.428,294.633,232.716,273.824,407.006,494.629,317.68,264.846,289.286,300.17,323.331,317.454,191.198,5.551,86.571
GO000012-F1,F,COMO 5然 Bap,COMO 5然 Bap-F-Arena 2-42,406.387,455.044,447.842,384.859,390.862,399.066,294.342,327.084,335.711,398.604,351.226,378.039,401.589,436.542,376.685,403.979,377.112,434.025,328.519,396.998,348.05,500.15,504.032,519.15,489.638,590.588,474.611,589.607,569.161,547.961
GO000012-F1,F,COMO 5然 Bap,COMO 5然 Bap-F-Arena 2-54,325.829,335.962,356.824,364.706,346.301,306.481,306.993,365.85,364.846,354.359,386.881,365.454,427.607,398.447,422.261,425.494,425.824,432.498,405.703,428.24,443.173,417.562,451.8,433.861,380.792,364.442,434.431,414.896,392.325,385.34
GO000012-F1,F,COMO 5然 Bap,COMO 5然 Bap-F-Arena 2-62,245.306,207.473,260.511,249.319,314.751,342.698,386.646,296.833,260.306,284.221,337.317,254.199,320.598,361.752,326.151,321.972,297.636,270.478,294.782,288.794,347.716,310.725,242.272,257.168,275.13,279.074,239.823,271.204,284.762,291.591
GO000012-F1,F,COMO 5然 Bap,COMO 5然 Bap-F-Arena 5-1,424.514,394.391,531.574,462.37,457.681,325.658,497.934,553.378,392.773,403.895,435.872,298.401,234.386,260.575,275.133,313.64,266.692,335.881,343.455,271.881,287.138,293.067,286.215,291.366,415.177,379.759,306.054,270.69,381.63,326.067
GO000012-F1,F,COMO 5然 Bap,COMO 5然 Bap-F-Arena 5-17,241.245,200.968,234.762,236.499,248.279,224.955,206.349,238.141,230.139,206.7,218.007,198.225,204.091,194.935,226.018,209.609,191.093,173.257,204.374,289.244,189.059,176.524,183.983,187.689,202.867,194.055,202.438,167.727,205.54,207.321
GO000012-F1,F,COMO 5然 Bap,COMO 5然 Bap-F-Arena 5-33,499.277,551.712,425.575,377.133,355.719,393.984,379.119,379.391,348.708,360.244,373.239,353.542,342.125,332.196,449.15,399.872,334.716,293.178,371.47,493.006,477.468,545.249,505.815,500.187,494.635,499.123,463.964,467.753,465.798,451.333
GO000012-F1,F,COMO 5然 Bap,COMO 5然 Bap-F-Arena 5-45,259.695,305.232,294.217,270.471,339.963,315.523,397.047,310.73,425.777,298.602,239.997,339.935,308.878,237.437,241.204,305.978,248.299,281.759,234.23,386.906,333.878,176.965,385.124,264.598,251.785,249.023,316.073,326.925,182.815,246.82
GO000012-F1,F,COMO 5然 Bap,COMO 5然 Bap-F-Arena 5-57,0,0,79.189,330.827,261.836,300.826,316.109,314.817,299.198,264.01,275.939,285.606,266.603,286.381,287.832,292.537,292.328,305.568,330.184,327.292,320.408,309.844,312.874,320.28,334.489,369.387,315.144,311.368,290.484,323.932
GO000012-F1,F,COMO 5然 Bap,COMO 5然 Bap-F-Arena 6-18,217.652,174.917,273.046,187.615,169.487,183.747,156.974,221.628,187.961,198.164,168.607,125.607,249.297,203.027,195.119,189.64,158.784,189.406,146.332,180.94,179.913,140.863,191.222,164.343,168.378,164.924,196.845,143.842,145.972,209.832
GO000012-F1,F,COMO 5然 Bap,COMO 5然 Bap-F-Arena 6-2,454.207,314.076,329.236,360.597,419.481,288.872,280.431,261.373,257,240.749,231.123,266.214,292.882,290.586,452.986,441.949,412.931,400.848,346.305,325.808,422.615,391.491,397.226,397.002,337.396,316.736,266.426,279.387,398.972,421.933
GO000012-F1,F,COMO 5然 Bap,COMO 5然 Bap-F-Arena 6-34,235.065,222.296,244.545,263.726,263.616,283.696,228.059,251.306,292.386,284.68,267.743,313.351,267.674,257.904,309.855,288.316,250.456,231.361,270.501,287.601,224.521,302.268,336.711,232.42,297.863,308.668,281.01,311.959,199.917,187.679
GO000012-F1,F,COMO 5然 Bap,COMO 5然 Bap-F-Arena 6-46,373.69,352.225,368.315,380.741,421.514,345.492,353.983,433.807,384.442,274.893,378.958,302.844,283.687,288.789,330.227,273.555,354.409,308.77,343.08,350.197,390.59,401.127,334.701,295.194,268.511,419.49,359.727,388.667,539.644,469.99
GO000012-F1,F,COMO 5然 Bap,COMO 5然 Bap-F-Arena 6-58,286.779,257.809,273.549,248.485,258.068,249.811,203.005,248.545,228.783,190.794,237.708,244.18,282.867,291.779,316.585,276.885,234.654,265.63,279.828,290.101,259.393,236.967,264.688,229.948,267.558,270.494,226.58,292.854,256.078,267.012
GO000012-F1,F,COMO 5然 Bap,COMO 5然 Bap-F-Arena 9-21,349.648,366.399,549.203,558.932,701.148,686.326,597.992,567.004,520.49,556.751,516.795,522.622,519.203,550.794,574.142,478.634,545.163,524.867,439.735,496.26,516.938,484.168,468.589,514.565,481.94,576.706,588.965,496.254,419.177,549.26
GO000012-F1,F,COMO 5然 Bap,COMO 5然 Bap-F-Arena 9-37,369.879,401.146,322.201,361.832,362.542,359.409,254.844,364.924,265.294,328.171,286.393,179.461,13.855,15.907,12.408,17.083,21.452,24.182,26.91,25.391,28.382,108.523,254.435,314.26,361.421,71.846,13.989,18.239,17.443,18.079
GO000012-F1,F,COMO 5然 Bap,COMO 5然 Bap-F-Arena 9-49,376.163,369.921,250.904,288.687,295.971,293.562,288.216,285.191,285.681,351.169,339.233,320.702,331.093,364.013,325.665,313.99,356.76,340.196,346.375,332.909,355.335,347.988,338.84,336.116,327.599,322.759,263.501,209.55,203.201,194.445
GO000012-F1,F,COMO 5然 Bap,COMO 5然 Bap-F-Arena 9-5,255.235,249.15,251.134,179.485,214.04,216.444,223.91,213.381,214.182,232.341,244.361,240.703,244.697,224.248,272.749,236.889,204.86,221.384,281.351,245.829,281.532,210.623,244.245,219.911,241.362,208.257,222.725,237.573,222.909,211.567
GO000012-F1,M,COMO 5然 Bap,COMO 5然 Bap-M-Arena 11-23,253.49,210.039,251.555,322.806,394.745,428.161,419.858,300.96,319.044,263.711,284.518,401.433,276.349,287.568,236.307,470.358,304.107,249.858,239.487,310.219,302.874,251.8,244.867,229.773,252.104,182.845,220.375,199.651,218.504,182.886
GO000012-F1,M,COMO 5然 Bap,COMO 5然 Bap-M-Arena 11-39,299.862,406.526,438.475,479.348,326.31,398.665,296.463,319.551,349.326,313.936,462.825,536.744,262.871,261.708,255.825,263.241,266.769,286.087,335.461,350.847,214.838,231.932,232.027,368.047,504.282,366.622,401.843,445.715,377.581,328.997
GO000012-F1,M,COMO 5然 Bap,COMO 5然 Bap-M-Arena 11-51,528.362,581.921,452.105,490.453,587.706,478.734,589.865,404.169,541.545,535.877,478.186,456.754,498.573,472.242,387.878,554.814,486.158,433.462,460.096,286.745,279.585,393.071,371.057,410.292,598.511,464.011,563.436,343.267,278.791,345.898
GO000012-F1,M,COMO 5然 Bap,COMO 5然 Bap-M-Arena 11-7,498.804,419.599,525.572,596.165,611.817,561.829,425.318,422.526,283.793,518.324,427.218,381.1,359.397,415.294,420.122,431.949,436.667,414.864,429.952,571.018,559.599,415.627,352.035,406.638,377.846,377.119,342.484,378.712,399.768,396.458
GO000012-F1,M,COMO 5然 Bap,COMO 5然 Bap-M-Arena 12-24,469.858,433.595,367.079,321.281,426.635,476.83,355.309,355.334,341.311,335.769,454.241,314.83,368.928,416.504,331.631,352.326,426.754,363.437,344.771,351.063,382.188,374.204,455.542,307.846,310.806,401.226,358.458,376.306,467.452,423.078
GO000012-F1,M,COMO 5然 Bap,COMO 5然 Bap-M-Arena 12-40,327.241,367.884,390.687,309.834,380.569,319.184,308.791,296.147,286.204,310.112,310.225,316.968,300.314,295.595,349.391,286.112,260.653,268.948,308.31,252.633,276.289,261.66,255.596,245.184,251.153,257.506,273.479,266.608,277.03,279.974
GO000012-F1,M,COMO 5然 Bap,COMO 5然 Bap-M-Arena 12-52,368.38,461.134,395.601,356.449,309.201,421.874,353.424,417.788,432.916,364.46,316.54,306.187,285.273,290.366,289.766,359.424,271.846,224.255,291.661,215.104,265.374,388.731,224.059,244.149,237.796,212.777,263.68,238.523,348.086,320.025
GO000012-F1,M,COMO 5然 Bap,COMO 5然 Bap-M-Arena 12-8,514.066,482.62,410.603,398.973,376.83,382.621,540.196,391.503,274.538,307.545,371.824,323.02,256.781,339.112,375.124,356.941,317.493,193.553,412.956,249.406,226.177,226.752,284.164,311.316,283.872,258.064,305.292,334.476,298.059,197.848
GO000012-F1,M,COMO 5然 Bap,COMO 5然 Bap-M-Arena 15-11,337.119,356.468,291.224,235.441,289.354,260.192,289.3,330.08,244.022,205.096,238.623,226.211,230.016,242.576,257.7,220.049,292.322,217.039,212.802,195.821,262.678,279.692,371.29,295.708,312.778,318.086,256.424,240.286,234.473,214.043
GO000012-F1,M,COMO 5然 Bap,COMO 5然 Bap-M-Arena 15-27,452.443,347.267,385.353,287.134,397.325,348.39,278.768,384.316,428.777,454.317,408.993,296.179,226.343,227.148,236.447,454.193,440.304,268.403,282.134,347.22,271.884,323.409,406.928,352.545,230.741,226.839,251.529,238.565,203.895,217.639
GO000012-F1,M,COMO 5然 Bap,COMO 5然 Bap-M-Arena 16-12,183.665,302.07,182.75,211.097,235.118,265.408,246.337,257.25,281.139,295.935,282.535,361.792,333.87,378.203,435.557,225.644,266.204,284.537,315.979,303.048,367.724,390.865,386.954,385.082,277.979,285.516,251.246,220.479,263.058,272.847
GO000012-F1,M,COMO 5然 Bap,COMO 5然 Bap-M-Arena 16-28,378.587,360.899,298.77,303.446,291.806,212.247,314.589,298.017,141.764,262.024,343.773,468.217,547.205,569.314,259.959,252.378,199.539,277.127,250.917,290.432,327.364,404.635,310.682,216.449,255.25,190.609,196.087,326.254,318.842,292.313
GO000012-F1,M,COMO 5然 Bap,COMO 5然 Bap-M-Arena 3-15,513.891,420.283,393.942,455.785,353.245,439.776,456.082,436.043,321.254,288.339,358.63,460.854,437.715,449.882,411.169,382.41,393.7,386.772,383.533,310.634,323.512,354.574,327.364,261.368,282.697,483.638,421.013,367.519,432.896,423.222
GO000012-F1,M,COMO 5然 Bap,COMO 5然 Bap-M-Arena 3-31,294.17,324.106,304.465,286.341,281.064,309.769,262.03,247.072,264.786,271.904,248.069,264.659,244.562,234.296,239.402,201.083,213.836,225.788,212.621,204.282,187.472,238.508,232.43,243.946,252.852,183.667,189.215,210.031,230.165,222.62
GO000012-F1,M,COMO 5然 Bap,COMO 5然 Bap-M-Arena 3-43,410.406,332.928,334.079,406.857,331.622,228.64,226.815,250.366,254.948,327.108,256.41,325.282,455.814,455.5,424.355,295.44,377.867,310.17,322.363,312.086,241.108,318.094,302.334,349.929,249.223,461.074,349.027,446.583,387.973,334.274
GO000012-F1,M,COMO 5然 Bap,COMO 5然 Bap-M-Arena 3-55,472.358,487.625,416.991,369.988,461.45,393.77,478.83,511.092,467.235,473.642,428.324,499.107,491.715,511.694,558.334,493.585,498.86,536.77,554.571,481.666,504.339,510.417,480.07,446.392,581.284,542.871,458.396,491.689,436.931,481.483
GO000012-F1,M,COMO 5然 Bap,COMO 5然 Bap-M-Arena 3-63,365.682,411.674,432.87,459.709,526.098,467.689,406.004,381.791,412.886,475.894,276.797,393.122,394.12,411.952,222.472,335.487,270.903,285.835,239.024,304.133,297.453,265.857,303.476,417.631,273.258,248.488,327.991,324.294,201.52,220.677
GO000012-F1,M,COMO 5然 Bap,COMO 5然 Bap-M-Arena 4-16,305.617,354.009,343.014,348.158,313.86,305.674,312.167,327.729,312.227,291.248,291.365,381.778,320.051,326.082,368.65,370.871,317.464,376.807,317.341,332.115,326.938,337.172,239.644,312.485,307.219,314.327,298.074,272.006,392.248,342.332
GO000012-F1,M,COMO 5然 Bap,COMO 5然 Bap-M-Arena 4-32,201.031,247.238,270.006,234.27,287.74,155.544,163.568,232.546,184.091,153.54,233.162,181.847,204.229,129.749,191.128,109.021,89.648,170.406,132.498,26.678,127.95,122.644,166.156,176.659,216.203,108.987,2.648,3.439,4.224,113.842
GO000012-F1,M,COMO 5然 Bap,COMO 5然 Bap-M-Arena 4-44,153.805,120.577,187.242,165.84,152.098,160.468,167.405,114.737,122.357,119.879,103.226,132.842,97.931,126.567,122.833,128.987,157.246,159.187,125.455,171.37,141.051,172.89,101.973,271.802,294.967,262.278,210.222,186.26,157.585,179.68
GO000012-F1,M,COMO 5然 Bap,COMO 5然 Bap-M-Arena 4-56,451.988,352.337,334.594,323.554,387.057,367.971,395.04,340.233,312.956,327.684,343.811,312.034,297.405,281.783,312.587,282.428,302.338,304.15,349.467,485.871,312.993,268.468,388.444,429.674,315.88,353.399,445.249,266.578,497.913,410.787
GO000012-F1,M,COMO 5然 Bap,COMO 5然 Bap-M-Arena 4-64,411.775,468.895,393.048,382.214,356.58,348.766,461.365,358.312,424.803,354.72,324.104,443.073,313.622,291.15,551.375,300.597,315.262,313.96,273.792,320.32,316.259,286.599,259.799,287.597,257.862,323.721,226.595,292.269,391.566,354.46
GO000012-F1,M,COMO 5然 Bap,COMO 5然 Bap-M-Arena 7-19,330.8,313.722,361.606,313.156,472.983,427.653,420.217,355.691,389.824,340.453,544.482,357.333,473.782,225.913,342.514,311.979,290.495,343.278,311.054,301.781,343.722,362.819,306.263,276.035,353.165,333.871,401.939,386.985,368.351,430.71
GO000012-F1,M,COMO 5然 Bap,COMO 5然 Bap-M-Arena 7-3,433.505,435.09,244.974,446.989,426.771,265.334,526.953,469.261,380.798,361.392,306.866,339.289,381.443,540.946,333.9,309.111,387.194,445.254,270.62,402.992,372.997,214.282,258.031,305.596,260.058,411.225,476.063,462.445,451.413,238.424
GO000012-F1,M,COMO 5然 Bap,COMO 5然 Bap-M-Arena 7-35,364.679,440.158,435.779,449.973,473.098,387.115,456.153,398.387,443.969,332.848,375.057,322.12,448.161,439.905,377.835,297.788,247.822,351.039,320.265,314.174,278.212,296.817,373.065,346.011,307.922,279.211,334.761,296.892,269.911,276.101
GO000012-F1,M,COMO 5然 Bap,COMO 5然 Bap-M-Arena 7-47,419.977,311.493,382.356,347.083,310.098,334.1,277.44,307.051,310.966,361.988,315.465,319.14,334.446,362.502,293.453,295.851,290.038,267.844,341.029,313.637,296.566,323.047,392.244,420.877,449.516,341.286,364.802,449.185,442.137,423.271
GO000012-F1,M,COMO 5然 Bap,COMO 5然 Bap-M-Arena 7-59,537.072,553.583,556.442,597.88,373.178,561.577,526.417,613.717,444.584,457.201,429.643,438.443,384.876,393.175,444.388,404.292,501.567,525.659,574.513,427.926,514.749,528.82,467.527,377.026,414.951,345.084,400.739,317.66,334.815,460.299
GO000012-F1,M,COMO 5然 Bap,COMO 5然 Bap-M-Arena 8-20,456.157,463.617,419.577,415.127,314.79,430.683,437.119,403.861,483.661,455.86,292.203,438.081,316.059,378.162,587.154,215.214,201.075,191.998,220.82,175.701,243.395,224.121,196.485,282.125,349.978,301.248,220.816,217.731,206.952,269.421
GO000012-F1,M,COMO 5然 Bap,COMO 5然 Bap-M-Arena 8-36,165.02,199.691,199.637,221.972,196.8,177.117,218.165,167.602,204.575,257.07,205.587,233.293,227.167,297.28,235.209,267.313,246.403,286.01,275.835,230.786,298.396,297.213,300.611,342.415,378.251,365.143,352.153,349.893,340.572,337.948
GO000012-F1,M,COMO 5然 Bap,COMO 5然 Bap-M-Arena 8-4,565.019,516.178,490.533,439.926,391.207,398.106,350.453,427.674,412.216,408.913,393.064,353.403,442.401,504.822,581.222,576.373,498.019,429.187,382.169,542.542,449.419,578.79,505.081,667.747,509.338,475.366,505.079,428.966,473.523,612.089
GO000012-F1,M,COMO 5然 Bap,COMO 5然 Bap-M-Arena 8-48,321.046,281.643,320.377,320.284,383.045,306.041,378.462,311.013,402.927,358.367,289.947,347.539,411.87,292.501,292.948,347.863,297.829,290.965,291.957,399.678,294.193,347.065,339.458,341.5,386.877,412.435,398.845,426.428,468.331,399.593
GO000012-F1,M,COMO 5然 Bap,COMO 5然 Bap-M-Arena 8-60,387.519,377.144,367.798,388.123,297.061,319.702,371.442,531.951,352.216,387.909,407.891,423.216,404.247,442.551,460.414,396.276,303.28,374.355,389.282,277.555,332.093,413.713,363.563,311.947,320.123,289.591,333.694,381.321,405.971,295.934
GO000012-F1,F,COMO DMSO,COMO DMSO-F-Arena 1-1,293.472,274.663,263.307,330.705,258.168,276.631,294.643,425.032,367.84,448.555,445.405,340.283,284.579,295.277,355.958,314.365,411.762,448.513,257.33,266.214,320.362,231.988,334.021,379.535,315.3,350.692,302.511,399.26,373.46,356.102
GO000012-F1,F,COMO DMSO,COMO DMSO-F-Arena 1-17,184.608,186.83,231.506,167.113,236.357,467.605,341.324,320.143,497.128,346.471,307.434,299.405,234.702,301.9,277.306,235.305,204.243,341.569,303.196,347.438,330.155,200.888,248.425,312.618,408.148,356.644,377.292,446.783,195.596,381.355
GO000012-F1,F,COMO DMSO,COMO DMSO-F-Arena 1-33,547.769,432.045,397.663,346.968,424.152,392.655,361.7,382.567,330.741,524.572,488.379,510.731,307.013,390.249,428.81,241.838,314.998,310.789,346.003,335.962,284.152,320.919,334.494,338.026,398.533,385.856,398.964,330.713,382.039,345.696
GO000012-F1,F,COMO DMSO,COMO DMSO-F-Arena 1-45,410.561,418.913,352.329,367.644,304.26,296.421,251.365,252.585,308.613,276.686,317.655,377.888,372.298,335.19,312.108,371.983,192.68,205.239,277.243,187.813,200.146,224.258,167.316,190.616,186.319,174.785,202.184,195.443,197.619,270.289
GO000012-F1,F,COMO DMSO,COMO DMSO-F-Arena 1-57,266.663,254.14,263.035,262.386,280.737,275.942,203.617,303.806,230.282,214.442,226.973,353.835,352.404,383.458,217.281,279.015,260.42,346.659,229.487,194.617,216.659,210.186,233.477,245.237,264.093,241.628,341.001,211.15,353.066,432.067
GO000012-F1,F,COMO DMSO,COMO DMSO-F-Arena 5-5,264.171,254.373,212.203,214.397,210.805,254.972,233.505,188.881,192.54,229.836,224.879,252.486,224.331,184.173,202.6,224.994,244.527,262.21,156.695,197.554,197.038,219.747,209.85,195.812,194.346,176.577,175.724,191.146,196.817,194.847
GO000012-F1,F,COMO DMSO,COMO DMSO-F-Arena 5-26,194.755,218.923,163.682,242.425,139.183,149.359,169.185,164.121,157.531,141.118,131.165,179.562,136.033,167.039,165.06,146.509,120.731,170.507,64.314,125.633,135.47,117.245,122.575,116.55,104.239,137.339,155.232,146.681,141.945,204.656
GO000012-F1,F,COMO DMSO,COMO DMSO-F-Arena 5-42,302.405,284.931,335.573,259.472,254.218,303.184,293.199,255.951,311.7,321.02,294.056,300.31,253.987,318.976,327.319,293.969,296.757,241.537,286.77,318.824,334.565,270.579,234.546,242.23,265.916,266.51,282.344,296.079,268.174,260.795
GO000012-F1,F,COMO DMSO,COMO DMSO-F-Arena 5-54,306.624,274.559,274.196,271.497,216.566,202.311,179.77,225.894,238.088,305.463,247.144,231.605,274.343,260.834,253.384,228.498,211.788,209.41,240.87,193.878,201.793,218.92,231.828,201.85,223.748,261.82,205.808,175.511,198.648,196.719
GO000012-F1,F,COMO DMSO,COMO DMSO-F-Arena 13-13,210.818,275.449,290.194,324.784,343.505,283.397,209.127,203.852,249.192,227.269,202.512,222.104,177.915,192.972,251.39,187.041,237.139,176.043,190.533,220.828,206.909,206.504,190.317,243.782,224.609,173.373,207.395,263.627,191.157,173.002
GO000012-F1,F,COMO DMSO,COMO DMSO-F-Arena 13-29,306.169,372.526,353.79,262.09,236.005,238.672,217.683,226.034,241.273,213.434,204.338,212.297,211.574,202.939,201.774,221.373,214.051,207.34,193.734,220.853,212.449,289.931,2.535,99.97,332.3,326.275,220.466,201.61,231.695,215.582
GO000012-F1,F,COMO DMSO,COMO DMSO-F-Arena 14-14,256.348,279.309,254.078,248.958,229.153,334.687,255.187,262.777,188.732,220.234,254.504,199.656,196.492,184.134,174.914,181.989,196.235,185.633,169.199,184.736,179.423,179.832,179.572,178.496,201.22,194.776,204.512,229.114,350.834,207.957
GO000012-F1,F,COMO DMSO,COMO DMSO-F-Arena 14-30,298.148,319.389,305.435,356.598,286.817,327.035,290.286,321.68,270.688,375.583,359.153,302.672,319.38,330.582,295.613,352.32,404.13,410.204,270.648,287.196,315.255,223.508,257.011,236.161,275.004,0,47.235,272.99,363.617,313.864
GO000012-F1,F,COMO DMSO,COMO DMSO-F-Arena 2-18,369.317,259.368,254.629,266.417,428.623,418.207,360.292,327.957,329.729,292.845,318.151,335.724,317.036,278.569,303.363,214.487,225.935,218.768,238.352,249.553,215.52,172.491,166.975,212.704,206.284,184.705,191.687,183.165,181.259,180.831
GO000012-F1,F,COMO DMSO,COMO DMSO-F-Arena 2-2,0,0,0,0,0,0,89.85,237.779,237.36,155.407,178.568,87.006,48.258,141.944,150.216,151.96,101.208,180.825,182.798,109.053,146.314,104.238,148.77,120.682,134.824,144.34,156.252,204.015,138.833,139.703
GO000012-F1,F,COMO DMSO,COMO DMSO-F-Arena 2-34,249.345,308.923,332.313,198.275,246.282,217.261,269.011,271.509,243.6,297.403,208.809,217.336,239.533,323.308,312.46,302.8,329.778,317.33,251.143,252.294,283.31,239.134,314.706,246.533,249.811,285.465,355.812,348.09,293.827,347.6
GO000012-F1,F,COMO DMSO,COMO DMSO-F-Arena 2-46,262.582,257.904,212.251,200.534,208.416,224.317,321.868,242.173,209.509,228.954,242.223,318.651,283.496,252.132,219.819,212.175,251.137,265.98,192.748,244.693,223.453,195.708,199.506,202.157,225.36,207.663,220.639,227.755,209.602,233.353
GO000012-F1,F,COMO DMSO,COMO DMSO-F-Arena 2-58,327.8,271.287,332.393,352.594,326.948,253.275,252.557,244.242,279.01,322.444,250.78,332.894,277.453,277.719,283.916,285.017,282.437,270.984,296.188,291.271,327.754,342.136,368.236,387.217,405.159,394.602,323.136,335.592,306.612,352.859
GO000012-F1,F,COMO DMSO,COMO DMSO-F-Arena 5-21,311.523,264.842,302.987,269.633,270.881,260.954,263.694,261.053,203.994,312.151,308.767,249.477,258.483,248.045,244.322,254.61,354.108,254.288,271.214,343.852,266.615,240.956,262.801,195.21,226.29,282.853,248.988,285.426,328.199,321.06
GO000012-F1,F,COMO DMSO,COMO DMSO-F-Arena 5-37,228.105,197.281,225.681,259.816,254.296,104.521,205.454,297.075,265.051,411.436,384.431,410.674,52.41,99.83,166.456,230.779,0.263,142.29,132.822,1.838,204.266,241.042,50.359,9.86,93.061,212.327,261.58,263.48,92.897,24.454
GO000012-F1,F,COMO DMSO,COMO DMSO-F-Arena 5-49,492.078,348.822,282.61,333.577,294.297,289.613,285.106,278.857,272.738,311.364,268.269,237.208,254.788,198.898,239.382,262.624,262.179,228.655,297.371,242.748,287.016,296.36,248.207,358.096,311.8,230.407,246.991,217.187,279.583,280.207
GO000012-F1,F,COMO DMSO,COMO DMSO-F-Arena 5-5,443.44,333.914,369.395,342.807,307.919,301.375,272.567,266.443,281.84,335.533,283.508,254.794,265.342,279.527,278.636,295.798,285.071,327.577,278.412,303.165,295.116,281.198,370.316,269.173,269.384,306.364,297.141,292.198,262.778,232.497
GO000012-F1,F,COMO DMSO,COMO DMSO-F-Arena 6-22,362.246,344.482,415.793,346.125,301.726,330.656,312.798,406.535,419.652,359.478,368.797,365.766,267.916,258.925,341.52,428.741,388.907,324.452,429.413,290.519,319.359,316.104,347.984,299.25,378.372,305.934,364.597,329.258,428.753,452.769
GO000012-F1,F,COMO DMSO,COMO DMSO-F-Arena 6-38,474.409,354.269,341.74,454.812,307.464,280.38,377.283,345.039,428.101,439.014,399.332,261.727,280.56,257.831,332.332,390.14,302.816,377.423,406.883,254.807,360.482,284.505,279.143,251.603,318.525,401.316,340.205,374.759,194.57,259.146
GO000012-F1,F,COMO DMSO,COMO DMSO-F-Arena 6-50,453.205,452.749,394.953,380.118,427.459,406.601,393.3,412.982,419.407,356.754,404.087,324.552,455.26,448.512,411.078,455.745,459.338,452.928,401.643,513.387,460.849,467.514,463.691,435.387,457.626,471.381,457.996,454.442,470.609,477.379
GO000012-F1,F,COMO DMSO,COMO DMSO-F-Arena 6-6,0,137.562,265.682,211.154,205.33,151.387,227.313,245.124,153.769,185.956,231.929,215.363,186.849,175.249,134.619,153.902,184.153,191.878,174.904,200.945,161.712,155.353,175.281,222.734,246.29,198.412,198.629,200.309,188.422,153.836
GO000012-F1,F,COMO DMSO,COMO DMSO-F-Arena 9-25,380.099,330.1,323.321,342.909,325.389,345.22,349.095,356.044,271.452,295.074,376.939,314.393,341.476,265.842,344.681,292.216,341.495,244.023,257.869,269.162,319.82,421.679,380.524,263.964,285.035,362.108,259.507,223.684,322.693,335.812
GO000012-F1,F,COMO DMSO,COMO DMSO-F-Arena 9-41,486.479,387.804,486.243,494.825,571.584,566.488,550.836,530.435,460.777,468.776,498.957,374.323,443.737,376.798,463.197,395.714,427.98,307.77,420.702,315.243,292.923,184.961,262.08,287.123,253.398,284.127,316.169,332.285,206.521,270.913
GO000012-F1,F,COMO DMSO,COMO DMSO-F-Arena 9-53,208.629,218.142,249.909,247.122,223.791,236.526,253.801,292.035,313.188,238.776,262.955,275.111,338.605,337.296,360.486,285.381,226.969,321.887,247.419,248.234,300.154,292.667,358.778,342.52,281.35,308.674,235.861,264.853,233.094,307.051
GO000012-F1,F,COMO DMSO,COMO DMSO-F-Arena 9-9,172.156,220.424,183.389,159.326,178.016,174.219,186.209,170.045,168.57,163.829,173.034,166.026,204.814,195.482,184.163,169.544,192.662,180.694,198.6,179.649,190.095,158.602,176.491,180.576,180.764,172.05,172.536,173.558,196.71,181.082
GO000012-F1,M,COMO DMSO,COMO DMSO-M-Arena 11-11,487.115,505.723,531.917,517.851,460.545,453.84,424.816,363.224,438.312,393.714,313.338,311.69,316.413,317.771,328.111,283.976,446.31,22.584,19.396,21.331,0,0,0,0,0,291.24,295.162,291.333,236.895,247.469
GO000012-F1,M,COMO DMSO,COMO DMSO-M-Arena 11-27,492.449,522.705,529.306,540.144,583.222,565.053,554.743,571.832,567.448,567.76,513.695,551.55,575.952,307.775,483.639,526.63,540.055,446.391,352.027,389.308,401.125,400.169,415.611,418.173,376.595,448.407,570.68,552.735,544.492,450.219
GO000012-F1,M,COMO DMSO,COMO DMSO-M-Arena 11-43,383.851,354.896,432.399,357.739,377.272,543.3,398.966,328.397,307.786,388.53,335.148,543.707,617.862,568.841,548.483,583.513,561.215,521.019,447.712,294.398,296.652,428.951,495.832,391.042,374.122,262.091,298.155,307.067,302.101,333.329
GO000012-F1,M,COMO DMSO,COMO DMSO-M-Arena 11-55,388.322,450.159,462.225,503.132,548.632,540.799,446.119,349.737,227.658,369.005,330.987,377.403,364.335,444.114,434.401,569.706,624.722,609.307,497.512,549.701,394.603,405.65,360.818,331.613,330.302,269.487,300.964,294.147,250.28,306.798
GO000012-F1,M,COMO DMSO,COMO DMSO-M-Arena 12-12,349.787,431.835,362.267,250.282,266.731,338.237,325.145,315.937,272.546,316.724,356.76,315.777,405.582,398.583,306.227,373.341,414.601,322.38,336.106,386.129,324.992,445.705,328.827,424.919,467.766,368.771,437.385,286.629,292.594,270.997
GO000012-F1,M,COMO DMSO,COMO DMSO-M-Arena 12-28,321.18,301.165,280.469,313.057,253.793,205.263,280.721,339.467,364.477,331.771,314.639,300.477,305.771,278.291,265.009,325.497,358.093,350.16,349.907,300.811,354.359,300.459,321.971,246.339,250.875,253.385,248.368,214.886,225.455,245.224
GO000012-F1,M,COMO DMSO,COMO DMSO-M-Arena 12-44,366.201,395.74,386.236,340.91,261.935,389.359,274.647,227.67,277.077,334.135,294.104,219.264,259.163,323.951,356.21,326.82,363.285,425.852,334.685,276.516,264.845,300.604,274.434,278.452,286.082,295.582,317.955,316.307,284.233,325.686
GO000012-F1,M,COMO DMSO,COMO DMSO-M-Arena 12-56,365.845,327.595,375.682,342.032,292.35,252.354,274.823,238.547,314.634,308.857,247.783,271.317,266.621,363.073,418.191,281.136,254.388,281.868,287.678,241.632,273.432,440.783,347.761,296.119,268.426,274.15,292.697,318.559,304.968,290.677
GO000012-F1,M,COMO DMSO,COMO DMSO-M-Arena 15-15,303.719,335.103,294.938,268.932,248.799,312.455,274.034,296.788,318.409,318.137,382.528,385.777,316.848,267.393,347.641,356.179,358.278,246.304,278.395,210.732,215.96,196.153,177.712,219.936,213.085,197.776,210.953,189.628,206.63,193.008
GO000012-F1,M,COMO DMSO,COMO DMSO-M-Arena 15-31,211.183,295.057,274.276,299.915,221.753,244.094,201.057,237.672,356.527,312.064,332.244,164.158,147.467,146.172,152.418,175.707,176.273,136.416,201.588,179.253,192.49,158.17,149.544,157.806,179.769,188.054,214.124,182.589,227.356,303.573
GO000012-F1,M,COMO DMSO,COMO DMSO-M-Arena 16-16,252.987,310.688,328.934,309.128,165.103,174.027,204.509,397.106,461.227,457.454,474.728,204.844,197.264,498.454,483.968,241.91,225.248,195.792,196.085,163.004,165.398,174.821,166.653,165.831,191.005,163.391,163.255,312.048,382.774,436.654
GO000012-F1,M,COMO DMSO,COMO DMSO-M-Arena 16-32,236.052,226.161,225.321,199.605,203.718,226.489,230.009,183.335,289.965,245.273,333.944,176.302,177.312,171.465,182.947,229.756,166.33,307.498,128.434,192.443,302.406,165.709,214.531,219.13,230.348,226.806,204.566,165.009,281.546,269.52
GO000012-F1,M,COMO DMSO,COMO DMSO-M-Arena 3-19,563.665,587.491,555.203,563.351,547.422,568.727,510.543,354.621,362.562,351.792,233.417,197.574,270.917,264.456,315.334,386.553,363.928,324.412,268.606,198.905,262.616,324.004,263.418,196.619,299.845,176.909,198.287,319.324,263.299,115.621
GO000012-F1,M,COMO DMSO,COMO DMSO-M-Arena 3-3,457.239,463.068,312.77,292.487,272.251,363.055,463.12,375.438,236.012,273.187,331.755,379.366,296.959,313.639,274.983,254.401,307.753,395.06,449.944,345.634,244.182,243.705,289.907,260.076,429.526,307.095,239.209,242.49,233.126,218.959
GO000012-F1,M,COMO DMSO,COMO DMSO-M-Arena 3-35,437.125,397.084,400.437,304.717,301.477,370.338,354.534,368.063,374.211,309.592,361.565,302.383,300.103,300.102,253.12,273.274,265.672,354.785,240.645,264.254,310.001,272.88,298.376,278.343,243.354,274.392,381.364,223.306,261.092,270.406
GO000012-F1,M,COMO DMSO,COMO DMSO-M-Arena 3-47,619.595,587.819,587.569,541.802,605.218,602.169,539.522,557.982,514.707,419.467,469.15,554.212,510.317,494.651,439.409,431.671,475.331,454.693,465.751,496.736,519.145,481.441,432.326,475.552,470.673,420.66,437.908,419.377,381.715,354.991
GO000012-F1,M,COMO DMSO,COMO DMSO-M-Arena 3-59,117.675,249.656,102.305,6.228,6.275,102.831,256.904,243.217,267.089,305.172,283.295,276.46,356.404,308.089,278.272,264.557,254.407,240.316,265.362,269.514,261.189,258.144,233.157,267.868,259.691,249.505,237.046,253.197,322.449,313.542
GO000012-F1,M,COMO DMSO,COMO DMSO-M-Arena 4-20,235.111,262.612,306.378,321.781,278.98,268.606,255.399,292.632,292.427,285.383,235.739,282.854,232.279,301.573,228.11,210.194,239.297,253.031,196.134,279.722,264.004,242.855,183.692,255.233,260.009,211.556,273.997,268.497,291.138,205.089
GO000012-F1,M,COMO DMSO,COMO DMSO-M-Arena 4-36,547.304,547.585,538.035,298.131,424.197,341.228,293.655,488.541,502.616,377.642,503.196,468.903,532.561,510.088,510.894,143.624,154.443,156.446,299.378,361.662,206.571,334.686,411.155,326.336,369.523,417.736,370.669,416.344,264.084,535.55
GO000012-F1,M,COMO DMSO,COMO DMSO-M-Arena 4-4,326.289,332.381,321.722,353.814,333.809,302.271,339.844,334.294,294.07,384.402,299.46,336.386,301.882,241.855,330.807,264.182,326.793,310.271,295.404,284.95,280.101,268.6,297.077,318.067,272.991,352.931,244.791,264.107,337.646,305.015
GO000012-F1,M,COMO DMSO,COMO DMSO-M-Arena 4-48,226.301,254.591,258.779,216.542,251.513,267.555,231.744,277.852,207.448,321.01,310.407,334.706,315.005,275.47,289.999,314.726,281.675,364.477,382.19,344.884,339.326,330.277,316.853,361.232,359.948,367.397,323.639,305.72,350.873,353.572
GO000012-F1,M,COMO DMSO,COMO DMSO-M-Arena 4-60,317.062,282.193,432.32,373.751,270.019,297.868,302.481,291.155,304.198,287.545,334.05,275.299,317.139,304.917,312.287,291.332,325.584,283.513,282.691,247.102,227.302,174.761,223.705,207.548,130.244,156.386,206.037,203.969,248.08,234.576
GO000012-F1,M,COMO DMSO,COMO DMSO-M-Arena 7-23,355.88,355.79,352.06,390.923,432.767,512.861,386.877,379.922,339.588,389.015,392.19,366.64,439.535,289.702,376.68,411.632,484.005,342.445,460.166,440.387,424.628,413.957,418.59,346.706,345.564,532.834,550.048,537.659,548.044,439.759
GO000012-F1,M,COMO DMSO,COMO DMSO-M-Arena 7-39,478.882,499.737,438.764,361.748,406.556,366.377,292.117,255.311,289.988,312.251,480.752,515.497,542.659,452.584,251.735,502.557,346.012,231.29,245.209,246.624,377.049,478.355,252.664,289.71,286.426,323.555,292.235,268.136,205.272,343.309
GO000012-F1,M,COMO DMSO,COMO DMSO-M-Arena 7-51,384.732,323.962,367.904,391.518,412.444,481.998,400.906,378.128,348.356,364.6,309.783,326.54,326.763,308.054,317.485,297.785,355.974,294.65,296.085,294.17,280.972,287.062,326.193,292.64,327.248,353.866,307.602,332.035,279.365,337.494
GO000012-F1,M,COMO DMSO,COMO DMSO-M-Arena 7-61,329.121,308.996,362.222,322.68,266.325,297.063,230.179,241.792,239.238,246.365,286.563,368.832,254.625,258.806,291.41,286.165,330.152,297.318,341.81,260.49,294.251,290.574,299.044,236.045,204.114,172.885,194.996,242.227,218.132,246.022
GO000012-F1,M,COMO DMSO,COMO DMSO-M-Arena 7-7,537.553,545.615,475.653,521.756,461.407,283.191,22.062,302.316,185.223,4.405,3.461,5.367,6.132,6.838,83.44,335.728,7.252,7.05,5.586,6.738,6.734,6.226,4.589,3.488,5.816,3.936,3.651,3.323,3.448,3.688
GO000012-F1,M,COMO DMSO,COMO DMSO-M-Arena 8-24,373.708,419.52,463.225,264.444,463.484,326.071,357.855,228.852,365.753,336.003,317.586,253.051,220.811,264.123,350.785,198.16,220.98,266.98,235.127,267.223,241.546,202.667,248.078,198.88,289.05,300.353,185.464,206.555,193.014,252.85
GO000012-F1,M,COMO DMSO,COMO DMSO-M-Arena 8-40,460.227,376.305,453.636,304.786,296.965,298.799,328.353,318.777,265.003,339.149,290.016,266.002,277.734,353.624,419.585,299.393,282.824,300.857,242.709,272.815,294.193,274.93,404.675,399.397,360.28,307.279,243.271,284.538,284.537,254.851
GO000012-F1,M,COMO DMSO,COMO DMSO-M-Arena 8-52,357.018,393.101,327.441,333.756,402.943,392.991,328.886,309.947,315.966,371.272,344.559,317.31,296.108,334.039,331.015,302.63,321.521,301.644,346.561,312.439,332.507,300.67,303.389,361.92,500.393,496.355,517.202,507.041,383.205,390.017
GO000012-F1,M,COMO DMSO,COMO DMSO-M-Arena 8-62,231.539,270.88,224.748,235.632,213.996,223.439,215.66,199.053,213.192,204.859,244.299,240.435,187.664,187.971,212.657,209.645,205.405,199.462,265.963,280.679,476.202,453.388,431.56,445.875,329.052,401.83,290.506,248.495,240.575,218.766
GO000012-F1,M,COMO DMSO,COMO DMSO-M-Arena 8-8,437.787,291.311,479.969,534.738,485.47,363.491,453.105,360.37,352.817,442.926,455.965,483.28,539.256,527.844,475.444,497.559,377.246,354.835,233.983,156.468,195.875,196.698,193.334,172.907,171.658,167.829,183.319,175.427,172.568,156.81
