generation,gender,treatment,ID,1,2,3,4,5,6,7,8,9,10,11,12,13,14,15,16,17,18,19,20,21,22,23,24,25,26,27,28,29,30,31,32,33,34,35,36,37
GO000012-F0,NA,AHR 5uM BaP,AHR 5uM BaP-NA-Arena 10-1,276.186,262.848,266.35,283.375,222.311,230.205,214.274,206.318,199.527,230.431,211.074,208.561,228.099,210.69,221.358,207.687,194.178,163.785,162.523,166.924,190.388,188.733,210.095,188.957,180.911,200.667,180.639,204.211,219.028,171.668,177.116,167.293,171.725,153.963,148.868,148.189,46.348
GO000012-F0,NA,AHR 5uM BaP,AHR 5uM BaP-NA-Arena 10-3,200.413,228.643,206.898,265.947,357.917,353.921,253.471,191.866,178.315,164.359,263.922,282.757,238.471,276.498,236.025,289.015,169.306,198.317,185.837,170.89,165.803,170.723,220.554,148.428,153.064,245.638,240.063,202.872,200.206,220.458,319.243,276.122,194.971,181.434,176.139,189.934,266.924
GO000012-F0,NA,AHR 5uM BaP,AHR 5uM BaP-NA-Arena 10-4,151.634,186.033,189.852,211.146,249.867,232.363,192.681,200.255,204.62,173.205,172.913,218.614,205.433,189.391,182.216,198.571,204.857,169.102,159.356,154.6,162.194,170.596,171.721,161.962,156.96,159.775,178.165,167.936,184.909,223.919,187.121,166.1,175.418,195.474,190.611,158.389,21.628
GO000012-F0,NA,AHR 5uM BaP,AHR 5uM BaP-NA-Arena 11-1,316.251,309.13,292.464,321.829,319.671,322.849,307.916,230.347,208.587,256.786,231.517,222.391,240.402,238.945,229.89,199.785,221.929,193.146,214.122,244.629,225.081,188.463,193.849,180.942,181.448,182.578,193.232,185.137,226.909,219.085,198.481,212.566,195.916,209.868,236.688,172.163,52.032
GO000012-F0,NA,AHR 5uM BaP,AHR 5uM BaP-NA-Arena 11-3,290.282,260.962,308.963,233.019,297.068,267.85,204.673,205.644,225.498,233.311,191.752,160.812,167.938,166.469,155.03,140.375,141.074,165.299,156.98,186.948,162.069,154.157,197.692,162.608,140.506,157.266,134.079,276.316,154.154,147.694,157.272,140.72,156.155,133.982,123.026,165.811,191.115
GO000012-F0,NA,AHR 5uM BaP,AHR 5uM BaP-NA-Arena 11-4,211.366,155.718,174.956,190.528,182.748,379.985,304.117,238.925,228.978,209.546,192.817,214.119,204.562,214.843,200.452,213.142,194.098,196.199,174.558,254.124,212.108,195.048,194.84,182.955,200.261,184.568,196.325,190.376,191.111,196.76,183.16,179.998,184.412,176.401,293.769,182.836,21.313
GO000012-F0,NA,AHR 5uM BaP,AHR 5uM BaP-NA-Arena 12-1,223.612,265.822,253.018,212.843,203.435,249.994,215.53,207.253,197.601,184.968,179.948,144.14,155.953,341.801,379.886,330.146,337.535,325.71,224.608,271.761,296.394,246.574,247.193,249.663,262.902,299.71,249.782,170.337,174.499,182.523,178.438,169.359,114.999,148.626,239.133,241.554,63.651
GO000012-F0,NA,AHR 5uM BaP,AHR 5uM BaP-NA-Arena 12-3,242.785,227.139,251.46,259.613,219.821,229.889,625.734,439.218,335.083,306.114,304.693,340.033,320.964,335.339,249.378,240.184,250.441,265.244,250.384,249.817,237.677,252.478,237.139,209.161,251.874,226.84,268.388,232.192,240.364,260.621,238.504,236.108,251,728.598,519.08,347.531,323.736
GO000012-F0,NA,AHR 5uM BaP,AHR 5uM BaP-NA-Arena 12-4,170.875,206.872,221.647,270.549,270.982,286.005,303.71,296.509,284.654,169.781,176.486,187.349,205.966,129.769,152.963,115.474,117.88,90.508,126.489,169.936,145.083,133.07,142.814,100.178,93.133,240.104,14.226,157.778,136.06,197.981,136.154,166.799,152.613,195.057,231.001,204.121,22.569
GO000012-F0,NA,AHR 5uM BaP,AHR 5uM BaP-NA-Arena 13-1,365.338,216.426,227.169,212.846,220.578,271.172,315.611,225.623,237.712,193.35,455.459,411.323,322.879,234.032,225.732,233.27,386.612,352.809,281.058,205.326,183.401,208.934,207.095,214.453,275.573,513.28,150.401,323.162,206.109,199.472,230.129,205.787,300.268,218.32,236.889,184.392,53.376
GO000012-F0,NA,AHR 5uM BaP,AHR 5uM BaP-NA-Arena 13-3,158.558,150.686,167.298,184.963,157.994,156.327,130.342,140.963,142.247,171.84,95.627,155.523,201.083,161.249,164.605,131.663,128.135,122.968,115.382,130.266,141.355,118.882,100.92,141.488,104.364,122.676,118.05,118.408,129.597,120.985,122.785,116.874,117.214,106.832,184.638,148.503,108.691
GO000012-F0,NA,AHR 5uM BaP,AHR 5uM BaP-NA-Arena 13-4,231.772,216.737,273.775,338.753,335.716,282.506,276.325,268.475,324.325,338.446,303.292,269.389,224.986,271.524,228.2,216.953,338.5,270.49,271.169,253.233,265.684,238.326,183.816,231.003,241.542,255.693,229.73,241.128,256.196,211.416,278.982,229.235,297.746,284.474,248.173,255.316,43.822
GO000012-F0,NA,AHR 5uM BaP,AHR 5uM BaP-NA-Arena 14-1,215.507,238.94,209.766,241.003,223.965,189.362,165.275,207.778,216.724,187.88,175.961,188.798,104.339,181.285,171.8,153.092,179.556,188.64,170.406,151.367,152.531,182.304,195.282,99.385,99.513,155.892,162.081,218.578,111.611,105.881,130.918,127.327,137.143,142.001,124.482,143.447,48.447
GO000012-F0,NA,AHR 5uM BaP,AHR 5uM BaP-NA-Arena 14-3,155.042,194.2,175.389,184.659,198.408,166.54,201.349,223.689,176.306,191.868,178.055,190.762,189.999,206.551,200.556,169.473,146.644,227.484,192.826,201.794,179.896,182.418,152.376,171.132,148.457,193.296,187.256,189.848,164.108,158.886,181.302,172.908,181.57,194.228,354.027,206.735,246.571
GO000012-F0,NA,AHR 5uM BaP,AHR 5uM BaP-NA-Arena 14-4,191.459,199.511,233.84,210.081,270.206,217.391,177.818,208.604,218.744,258.386,170.654,150.533,165.058,194.767,172.615,213.97,232.776,286.715,247.52,163.728,171.878,142.137,166.574,165.984,192.717,175.672,216.171,255.306,314.663,187.679,233.174,213.73,148.945,148.634,176.458,165.537,30.87
GO000012-F0,NA,AHR 5uM BaP,AHR 5uM BaP-NA-Arena 15-1,213.216,171.921,191.263,173.055,170.045,163.661,157.655,209.64,150.575,189.972,160.046,144.97,213.151,145.192,151.693,164.452,185.073,166.428,163.267,172.464,98.501,108.323,120.244,139.837,139.858,154.243,141.064,136.301,134.907,158.711,221.936,178.739,204.947,182.434,165.901,113.057,34.149
GO000012-F0,NA,AHR 5uM BaP,AHR 5uM BaP-NA-Arena 15-3,284.258,294.576,331.35,314.894,230.357,281.551,267.671,252.139,283.451,261.127,231.905,211.71,258.554,229.89,297.388,326.419,279.225,282.245,283.156,290.737,212.378,216.926,202.117,190.109,179.284,247.873,193.559,203.663,209.385,140.115,162.471,260.863,196.41,209.839,222.309,241.429,244.607
GO000012-F0,NA,AHR 5uM BaP,AHR 5uM BaP-NA-Arena 15-4,257.954,211.985,209.147,222.909,208.227,205.742,256.505,263.325,242.178,236.12,205.048,233.655,37.975,16.959,14.118,132.488,194.075,211.718,197.707,164.613,177.741,146.772,187.527,185.14,222.015,202.808,230.158,217.981,219.124,234.614,286.436,283.214,268.757,295.347,238.01,220.116,34.057
GO000012-F0,NA,AHR 5uM BaP,AHR 5uM BaP-NA-Arena 16-1,128.464,141.532,204.216,225.843,228.623,245.329,200.249,235.014,256.311,216.738,253.869,176.973,136.92,220.738,269.411,186.558,192.104,173.675,203.36,200.378,210.903,186.446,238.695,218.407,240.251,99.188,166.873,236.551,254.588,222.751,152.496,151.152,229.697,408.125,249.461,170.785,39.182
GO000012-F0,NA,AHR 5uM BaP,AHR 5uM BaP-NA-Arena 16-3,182.107,165.447,211.246,169.717,184.318,184.745,163.086,184.698,191.114,181.962,173.236,187.209,193.296,200.794,197.235,198.412,163.24,180.092,190.894,200.479,200.852,187.814,171.617,167.876,148.534,170.705,165.235,164.819,156.239,162.558,230.038,120.11,179.046,145.936,184.79,147.983,164.167
GO000012-F0,NA,AHR 5uM BaP,AHR 5uM BaP-NA-Arena 16-4,151.42,221.462,191.886,186.442,197.926,150.222,213.6,253.035,173.836,197.206,185.44,162.613,169.69,157.943,180.937,193.943,184.069,181.311,164.729,169.737,195.163,222.625,212.469,167.07,99.161,159.61,168.682,174.641,169.809,139.343,220.038,296.362,134.23,142.222,179.531,154.897,17.952
GO000012-F0,NA,AHR 5uM BaP,AHR 5uM BaP-NA-Arena 5-1,298.769,258.218,275.399,230.263,245.626,419.467,389.595,367.784,463.4,450.935,188.709,166.648,179.614,186.348,153.762,145.812,146.436,189.027,168.39,162.014,149.605,139.318,172.531,147.034,171.458,141.461,174.298,166.521,153.187,173.16,180.207,187.972,173.907,189.724,172.359,161.532,35.129
GO000012-F0,NA,AHR 5uM BaP,AHR 5uM BaP-NA-Arena 5-2,327.308,271.973,330.466,349.666,276.589,296.938,347.38,255.888,320.76,333.038,288.519,241.768,262.45,251.516,310.199,304.033,266.4,333.021,310.541,334.099,218.085,271.419,314.245,278.916,306.186,271.984,264.45,248.446,281.556,238.528,642.024,406.107,469.332,439.539,507.501,268.336,66.358
GO000012-F0,NA,AHR 5uM BaP,AHR 5uM BaP-NA-Arena 5-3,229.198,236.35,220.962,234.117,204.098,209.239,220.625,208.192,206.152,202.147,228.048,207.575,213.508,231.367,218.117,207.167,186.343,185.305,257.945,248.634,250.152,236.767,233.662,189.049,205.164,247.003,239.247,281.378,214.633,218.697,215.896,144.034,223.95,183.548,160.435,203.715,147.699
GO000012-F0,NA,AHR 5uM BaP,AHR 5uM BaP-NA-Arena 5-4,196.407,238.466,232.636,198.875,227.059,201.717,155.655,170.141,210.415,224.266,236.607,173.348,233.849,208.318,194.899,153.358,170.727,197.191,210.116,209.204,140.654,166.123,186.871,178.801,181.037,211.122,232.139,231.504,200.306,190.062,190.921,177.229,198.569,240.007,261.824,250.807,35.965
GO000012-F0,NA,AHR 5uM BaP,AHR 5uM BaP-NA-Arena 6-1,293.475,252.074,223.427,263.248,266.047,258.309,237.199,261.983,236.519,259.678,235.62,250.346,243.121,231.581,226.484,212.669,247.303,214.952,246.522,216.287,251.085,243.095,260.728,228.984,217.913,233.098,267.874,284.487,9.178,13.688,6.246,11.155,106.607,328.941,240.56,148.314,63.483
GO000012-F0,NA,AHR 5uM BaP,AHR 5uM BaP-NA-Arena 6-2,343.851,302.25,257.006,372.557,323.639,328.202,290.001,295.907,271.409,284.12,336.66,292.806,266.43,319.48,354.727,269.638,278.433,205.587,321.869,314.247,273.53,261.878,377.526,327.765,338.576,236.566,346.238,284.862,315.727,310.227,312.526,276.001,323.166,282.43,280.664,313.984,83.111
GO000012-F0,NA,AHR 5uM BaP,AHR 5uM BaP-NA-Arena 6-3,232.709,236.528,238.98,218.432,244.555,235.016,278.091,316.283,292.482,226.107,201.646,294.155,303.822,233.916,199.37,289.593,288.642,276.336,273.521,217.11,265.536,271.873,242.565,267.045,247.345,199.074,249.041,240.715,223.289,269.155,244.809,265.324,242.905,225.673,258.132,237.638,278.719
GO000012-F0,NA,AHR 5uM BaP,AHR 5uM BaP-NA-Arena 6-4,166.05,164.437,169.09,122.376,155.858,190.262,167.022,171.199,164.167,153.711,168.723,158.006,161.05,166.831,141.734,173.669,237.635,143.835,173.043,160.564,166.477,154.539,201.634,165.542,134.102,149.367,153.191,154.895,158.092,164.974,176.164,162.905,155.539,172.93,196.579,145.742,19.831
GO000012-F0,NA,AHR 5uM BaP,AHR 5uM BaP-NA-Arena 7-1,252.714,242.796,221.473,237.883,283.482,231.422,234.154,210.556,206.015,220.403,252.121,251.675,215.961,225.101,228.667,294.014,306.441,249.195,256.692,189.964,193.762,223.756,215.618,224.91,225.547,249.785,236.519,255.653,237.419,306.514,293.108,257.097,266.911,282.119,235.384,242.928,63.036
GO000012-F0,NA,AHR 5uM BaP,AHR 5uM BaP-NA-Arena 7-2,241.457,269.389,263.882,201.176,241.922,253.416,225.428,258.979,198.899,155.405,156.036,119.892,135.695,133.234,197.878,187.331,232.763,222.473,283.77,368.036,298.353,307.717,282.35,321.597,236.667,332.729,248.027,328.586,248.996,251.789,222.986,270.982,286.283,204.804,225.991,252.181,66.994
GO000012-F0,NA,AHR 5uM BaP,AHR 5uM BaP-NA-Arena 7-3,224.933,213.719,205.523,212.798,216.863,216.703,214.945,214.965,207.822,237.306,210.563,219.468,220.253,218.857,220.822,202.486,253.232,253.224,260.433,232.319,246.679,253.68,219.947,197.209,255.869,203.132,205.016,236.959,256.794,200.643,186.721,191.811,189.972,244.099,202.889,197.932,202.199
GO000012-F0,NA,AHR 5uM BaP,AHR 5uM BaP-NA-Arena 7-4,297.553,273.795,258.274,266.022,244.096,238.999,245.218,235.608,222.044,263.998,240.879,281.52,286.082,277.301,301.709,246.516,287.237,288.017,288.822,286.37,228.834,255.339,252.759,334.559,295.918,251.627,336.435,314.998,284.143,260.64,286.281,265.12,306.084,338.207,259.667,308.56,49.518
GO000012-F0,NA,AHR 5uM BaP,AHR 5uM BaP-NA-Arena 8-1,274.287,314.901,253.086,241.595,217.962,206.659,223.774,165.583,191.313,198.321,173.494,271.531,245.478,195.115,187.943,176.005,191.569,187.083,188.752,197.423,184.037,200.497,193.588,201.032,187.822,198.783,211.074,214.141,179.599,192.207,195.793,172.161,188.904,171.919,170.276,169.61,42.795
GO000012-F0,NA,AHR 5uM BaP,AHR 5uM BaP-NA-Arena 8-2,311.006,343.601,343.488,271.847,258.162,239.997,250.269,266.28,239.477,299.696,227.627,224.921,256.525,247.053,274.488,358.804,330.586,245.94,267.53,299.424,223.84,215.946,283.207,235.064,214.001,232.454,234.206,235.165,316.083,236.621,247.069,302.56,228.266,206.724,219.328,235.213,50.898
GO000012-F0,NA,AHR 5uM BaP,AHR 5uM BaP-NA-Arena 8-3,290.944,284.698,306.47,299.542,282.78,276.947,252.589,264.517,276.531,258.413,278.625,343.688,255.156,247.16,285.368,303.094,248.78,259.321,234.005,242.481,251.851,244.707,227.478,271.56,249.631,328.505,259.613,251.962,237.957,225.879,235.285,226.903,256.23,231.92,237.215,234.865,262.472
GO000012-F0,NA,AHR 5uM BaP,AHR 5uM BaP-NA-Arena 8-4,239.741,209.37,148.191,142.585,159.686,165.578,212.358,156.231,237.292,245.032,228.788,228.106,236.957,207.143,223.167,232.34,193.391,210.615,208.908,228.505,228.695,249.094,205.044,234.559,245.72,245.223,210.534,208.257,126.839,160.607,168.925,138.101,150.675,223.374,249.21,255.368,30.819
GO000012-F0,NA,AHR 5uM BaP,AHR 5uM BaP-NA-Arena 9-1,329.89,347.285,404.888,384.323,367.539,386.256,392.677,361.327,345.214,399.57,399.244,325.772,259.404,284.58,296.781,274.692,329.345,400.09,330.613,369.283,191.104,221.871,268.27,293.465,258.247,284.534,309.282,301.097,347.06,279.807,255.135,310.101,328.564,302.86,283.632,279.296,62.423
GO000012-F0,NA,AHR 5uM BaP,AHR 5uM BaP-NA-Arena 9-2,285.615,347.456,302.534,344.818,320.661,368.938,266.768,323.628,265.458,375.682,406.916,406.955,334.347,331.62,418.314,391.938,314.063,316.628,305.641,346.955,344.232,352.249,321.801,262.456,356.567,243.053,290.64,327.386,251.011,253.665,281.767,322.135,374.187,329.937,310.019,270.911,80.503
GO000012-F0,NA,AHR 5uM BaP,AHR 5uM BaP-NA-Arena 9-3,173.412,216.847,192.013,175.148,172.702,167.011,168.742,166.629,169.951,181.713,191.123,189.407,227.657,240.531,204.889,187.758,163.81,193.845,162.109,162.194,190.057,185.729,189.739,203.383,185.249,147.876,169.86,140.192,151.107,174.563,138.615,191.635,173.562,162.263,150.28,205.74,145.481
GO000012-F0,NA,AHR 5uM BaP,AHR 5uM BaP-NA-Arena 9-4,208.941,230.091,230.836,206.347,205.34,210.304,168.164,204.284,175.254,208.295,224.521,210.898,183.491,282.463,211.176,201.019,210.98,233.384,214.82,241.242,278.133,177.297,215.898,227.065,246.147,265.136,279.879,262.763,202.64,194.848,253.224,247.387,275.895,244.376,219.167,219.314,34.574
GO000012-F0,NA,AHR DMSO,AHR DMSO-NA-Arena 10-1,159.223,164.811,152.671,138.982,142.146,139.166,154.465,145.052,141.197,145.788,134.648,149.79,183.386,152.549,134.223,146.388,166.712,169.553,162.439,168.83,137.59,135.353,138.422,133.399,133.255,184.124,134.19,133.862,126.313,118.286,143.922,119.026,115.848,135.949,121.02,131.995,30.209
GO000012-F0,NA,AHR DMSO,AHR DMSO-NA-Arena 10-2,273.847,230.951,268.968,179.52,255.697,337.595,252.071,240.254,358.379,228.198,177.407,180.068,180.578,201.53,278.019,263.529,194.535,214.746,178.027,200,182.928,209.46,184.987,167.643,191.064,242.804,182.848,192.348,183.16,175.462,180.29,146.023,139.501,162.719,177.289,201.446,19.202
GO000012-F0,NA,AHR DMSO,AHR DMSO-NA-Arena 11-1,221.123,267.297,169.201,142.523,185.061,210.115,194.136,164.508,214.816,215.292,237.421,206.916,244.242,212.802,188.82,226.197,214.174,220.676,198.42,248.918,234.903,196.02,168.269,184.064,166.901,177.356,197.056,194.964,194.866,181.772,170.624,164.631,220.131,254.771,208.872,211.313,41.778
GO000012-F0,NA,AHR DMSO,AHR DMSO-NA-Arena 11-2,401.851,363.033,328.841,419.188,297.201,336.21,276.108,255.789,344.034,263.839,268.447,343.89,303.788,230.783,223.176,239.014,242.445,231.589,224.692,241.509,231.887,175.199,142.354,193.455,232.978,270.579,200.62,231.588,229.057,244.941,261.285,214.876,227.218,254.377,304.353,268.172,27.244
GO000012-F0,NA,AHR DMSO,AHR DMSO-NA-Arena 12-1,191.625,245.733,220.238,191.98,214.317,198.232,139.176,158.83,163.895,163.648,155.365,175.859,232.883,163.518,167.301,178.591,184.453,189.431,164.684,169.381,188.209,203.458,184.874,180.48,184.412,198.876,162.285,161.851,171.441,182.452,163.014,143.894,124.239,150.788,146.596,165.326,36.584
GO000012-F0,NA,AHR DMSO,AHR DMSO-NA-Arena 12-2,262.21,281.389,285.593,222.209,276.107,362.669,249.948,222.618,226.546,235.102,227.049,241.437,230.593,232.333,248.83,221.475,231.937,207.427,260.158,251.585,243.941,254.496,404.236,272.235,256.319,224.261,219.818,227.337,258.239,212.977,248.232,231.62,232.689,266.206,222.553,211.206,36.931
GO000012-F0,NA,AHR DMSO,AHR DMSO-NA-Arena 13-1,214.538,216.9,184.541,208.242,187.283,162.499,136.814,179.636,224.128,224.971,190.011,195.369,186.859,196.521,110.697,217.703,231.587,201.799,144.96,200.652,158.805,139.346,195.538,165.835,184.595,189.7,177.174,142.07,206.906,176.677,156.825,165.358,162.756,133.083,141.292,155.323,44.452
GO000012-F0,NA,AHR DMSO,AHR DMSO-NA-Arena 13-2,275.684,243.202,225.222,208.282,221.982,245.781,238.323,205.047,231.816,97.085,177.8,164.771,167.582,230.532,149.12,197.977,244.192,190.828,216.13,176,171.195,136.234,165.885,141.47,212.826,173.446,135.463,206.848,180.967,177.855,242.991,177.298,187.695,175.756,142.82,147.026,32.087
GO000012-F0,NA,AHR DMSO,AHR DMSO-NA-Arena 14-1,196.537,162.985,161.248,169.717,152.906,169.085,160.785,172.912,158.517,120.294,163.911,139.987,175.666,179.84,201.299,141.118,74.944,82.162,108.478,116.114,130.712,182.898,161.575,116.651,117.807,114.119,78.87,93.783,72.011,86.2,87.278,103.203,117.795,117.226,102.076,102.149,16.512
GO000012-F0,NA,AHR DMSO,AHR DMSO-NA-Arena 14-2,312.549,238.763,258.569,218.115,213.832,219.971,213.73,210.599,224.211,265.032,257.277,174.519,154.099,154.071,162.915,150.464,156.164,153.839,166.159,144.414,170.934,191.488,233.696,209.041,159.722,159.613,170.149,226.493,189.863,171.945,165.241,178.671,166.081,189.752,180.93,174.936,20.958
GO000012-F0,NA,AHR DMSO,AHR DMSO-NA-Arena 15-1,239.451,214.867,200.473,200.393,202.847,194.702,204.461,238.192,236.089,219.438,194.651,199.447,205.044,222.966,204.055,182.127,236.851,210.398,230.923,220.964,216.404,215.573,260.707,205.047,215.63,192.143,224.415,198.112,206.482,193.061,208.135,257.515,204.291,187.046,207.599,188.428,35.096
GO000012-F0,NA,AHR DMSO,AHR DMSO-NA-Arena 15-2,325.126,283.529,291.986,270.628,259.782,262.191,244.464,296.236,245.059,218.649,240.787,240.888,230.561,178.906,189.579,206.738,245.713,202.329,196.222,194.073,205.78,205.779,230.287,198.778,190.24,206.574,191.702,209.498,196.187,207.107,216.804,216.322,209.433,261.769,233.565,186.968,40.193
GO000012-F0,NA,AHR DMSO,AHR DMSO-NA-Arena 16-1,250.493,216.237,329.102,266.379,266.828,261.013,220.864,271.677,302.356,297.291,283.823,317.863,282.925,247.902,225.03,260.411,316.082,348.514,275.952,257.835,270.867,297.414,320.676,408.412,423.649,345.466,294.495,325.224,267.512,288.086,311.722,334.322,313.731,330.769,288.79,357.9,73.889
GO000012-F0,NA,AHR DMSO,AHR DMSO-NA-Arena 16-2,202.202,192.423,182.89,215.769,217.741,172.019,178.61,169.151,192.653,205.702,188.183,214.629,195.367,297.665,258.514,303.354,151.014,155.847,183.452,249.431,181.141,155.183,241.356,344.19,205.055,241.157,175.827,275.076,324.66,214.434,232.828,245.433,283.723,192.866,141.494,148.365,31.076
GO000012-F0,NA,AHR DMSO,AHR DMSO-NA-Arena 5-1,162.493,141.83,163.85,170.993,115.972,119.29,125.668,243.144,192.243,125.891,120.263,126.304,150.58,118.082,113.227,101.008,151.474,131.376,117.729,116.695,138.327,129.007,117.7,125.615,193.581,107.388,183.665,103.392,117.95,141.696,128.116,126.81,130.724,123.971,122.454,113.388,25.602
GO000012-F0,NA,AHR DMSO,AHR DMSO-NA-Arena 5-2,246.449,222.3,297.872,292.771,255.567,281.065,166.88,175.124,165.787,153.063,145.932,157.546,129.031,132.121,138.456,119.921,116.357,104.427,82.103,81.754,66.543,105.373,84.492,95.326,177.712,261.682,264.847,283.041,264.464,214.12,166.654,119.495,123.543,140.493,122.458,130.363,18.405
GO000012-F0,NA,AHR DMSO,AHR DMSO-NA-Arena 6-1,187.445,190.341,206.295,392.319,291.91,139.317,255.233,175.144,205.244,270.663,159.496,207.523,166.576,187.741,150.917,218.793,231.056,190.455,276.536,217.608,271.445,299.779,211.384,244.177,187.249,130.69,158.023,197.769,149.154,199.551,162.599,223.356,193.032,134.767,139.613,173.087,28.141
GO000012-F0,NA,AHR DMSO,AHR DMSO-NA-Arena 6-2,275.635,360.911,259.631,199.969,255.856,263.492,219.524,285.647,312.003,221.808,195.045,226.848,180.047,188.313,215.873,318.998,187.523,251.86,244.728,220.118,253.452,211.123,219.071,312.311,247.908,236.747,182.293,246.163,250.432,157.627,245.227,305.758,236.16,309.696,221.183,199.782,33.868
GO000012-F0,NA,AHR DMSO,AHR DMSO-NA-Arena 7-1,252.724,184.554,226.437,197.824,239.928,199.434,210.825,216.588,225.794,211.073,186.454,171.806,304.104,341.781,283.41,250.482,282.665,243.85,281.732,229.912,212.135,229.025,186.612,226.419,147.901,165.001,207.413,200.082,141.14,183.856,150.347,163.308,155.58,235.573,172.552,164.578,52.359
GO000012-F0,NA,AHR DMSO,AHR DMSO-NA-Arena 7-2,308.519,265.985,233.428,266.057,263.176,275.572,182.105,241.203,229.068,236.9,250.708,201.733,239.123,221.016,252.308,266.107,258.619,215.539,221.839,204.558,194.52,215.962,183.123,217.566,245.287,249.543,145.459,181.904,243.291,317.27,239.149,205.075,186.118,138.943,217.249,210.006,44.407
GO000012-F0,NA,AHR DMSO,AHR DMSO-NA-Arena 8-1,183.229,150.394,194.295,159.783,291.249,422.14,354.242,277.549,155.003,133.474,137.176,154.888,170.259,142.228,173.81,135.998,393.132,186.462,113.164,110.129,128.735,124.81,135.956,117.448,113.353,132.516,115.642,134.876,133.816,147.865,126.441,99.221,119.245,127.827,120.417,122.197,25.59
GO000012-F0,NA,AHR DMSO,AHR DMSO-NA-Arena 8-2,291.988,309.089,280.484,220.904,278.836,273.89,307.124,250.494,315.093,268.559,276.663,285.501,307.186,211.956,279.064,275.811,305.041,299.802,349.538,351.296,350.827,330.5,346.058,378.826,352.64,400.65,341.651,401.181,373.715,254.202,327.991,349.989,405.953,289.42,190.676,269.555,46.128
GO000012-F0,NA,AHR DMSO,AHR DMSO-NA-Arena 9-1,179.316,167.729,174.056,168.725,170.729,180.481,143.422,144.888,157.948,160.296,136.289,138.02,178.724,201.169,196.615,144.507,174.685,103.974,141.123,127.065,127.067,132.922,148.105,133.937,178.89,142.228,196.64,187.316,186.662,186.36,177.103,179.961,180.781,193.875,170.13,240.288,54.763
GO000012-F0,NA,AHR DMSO,AHR DMSO-NA-Arena 9-2,344.24,276.238,361.094,296.363,265.319,313.901,297.918,407.227,274.563,350.808,320.157,256.218,287.503,247.073,265.893,355.541,289.756,254.883,290.975,378.285,420.659,278.413,266.42,292.906,260.42,256.272,290.466,303.374,222.785,251.651,263.133,304.603,281.917,281.718,230.662,262.273,63.694
GO000012-F0,NA,COMO 5uM BaP,COMO 5uM BaP-NA-Arena 10-1,253.689,257.17,263.986,228.554,220.886,188.215,215.218,230.772,211.209,212.669,204.553,224.53,205.817,178.128,228.429,229.038,247.822,193.921,159.598,200.343,186.815,176.169,147.861,145.169,178.154,165.604,186.066,154.933,164.252,161.476,154.818,159.035,161.146,159.322,183.854,173.462,153.572
GO000012-F0,NA,COMO 5uM BaP,COMO 5uM BaP-NA-Arena 10-2,306.859,277.997,364.376,305.807,334.198,328.064,230.512,236.537,247.205,237.485,276.475,234.521,216.277,223.496,295.211,284.449,219.566,220.694,239.539,206.988,214.108,204.998,205.535,217.418,228.837,229.375,193.833,206.143,198.288,198.437,213.197,203.31,197.186,223.986,188.513,195.618,58.632
GO000012-F0,NA,COMO 5uM BaP,COMO 5uM BaP-NA-Arena 10-NA,174.011,171.325,181.797,178.439,190.375,167.853,158.383,180.51,180.881,170.016,199.207,177.405,205.681,192.477,172.948,161.306,163.119,171.917,165.763,194.139,176.378,172.534,155.559,127.836,NA,NA,NA,NA,NA,NA,NA,NA,NA,NA,NA,NA,NA
GO000012-F0,NA,COMO 5uM BaP,COMO 5uM BaP-NA-Arena 11-1,312.257,351.846,309.876,318.405,332.293,289.376,341.95,327.785,328.649,289.727,289.698,305.371,315.832,284.765,320.728,292.498,285.037,267.88,319.891,323.001,267.204,258.489,273.139,270.65,330.228,237.764,246.363,224.57,217.586,244.404,305.68,249.476,279.563,227.27,244,221.614,266.967
GO000012-F0,NA,COMO 5uM BaP,COMO 5uM BaP-NA-Arena 11-2,260.127,240.211,237.316,300.441,295.333,317.206,316.54,271.517,296.641,256.141,240.879,322.231,308.348,306.411,301.896,335.31,322.767,311.179,242.521,276.705,249.011,252.165,287.399,320.619,258.159,264.818,240.827,223.242,211.743,237.103,246.79,220.364,237.165,277.262,284.237,194.088,54.607
GO000012-F0,NA,COMO 5uM BaP,COMO 5uM BaP-NA-Arena 11-NA,224.401,284.231,273.721,200.511,300.265,267.001,243.803,280.835,285.434,257.073,258.002,243.317,311.922,244.276,245.298,235.18,197.3,228.601,229.875,223.96,264.781,214.453,318.073,293.879,NA,NA,NA,NA,NA,NA,NA,NA,NA,NA,NA,NA,NA
GO000012-F0,NA,COMO 5uM BaP,COMO 5uM BaP-NA-Arena 12-1,268.817,283.308,254.388,258.481,261.552,267.111,286.032,204.972,280.681,285.929,227.903,262.004,277.124,219.447,187.626,210.875,194.214,196.558,217.511,209.761,239.412,207.231,222.766,275.048,171.823,264.217,215.234,255.732,170.934,213.873,197.347,185.816,201.642,172.612,191.032,188.4,190.977
GO000012-F0,NA,COMO 5uM BaP,COMO 5uM BaP-NA-Arena 12-2,275.475,269.3,268.839,240.358,276.197,260.871,275.456,227.385,245.459,237.976,237.115,240.863,206.162,224.003,198.739,240.177,223.871,198.637,239.071,197.586,215.506,234.578,240.772,306.218,298.15,279.194,249.766,235.89,294.038,248.414,304.957,280.412,254.398,299.573,228.486,255.927,82.105
GO000012-F0,NA,COMO 5uM BaP,COMO 5uM BaP-NA-Arena 12-NA,190.065,161.072,184.095,151.19,176.21,166.815,169.153,188.619,187.519,172.698,162.632,195.33,173.745,168.661,181.501,187.595,185.116,162.344,187.677,189.682,167.678,195.93,170.434,130.942,NA,NA,NA,NA,NA,NA,NA,NA,NA,NA,NA,NA,NA
GO000012-F0,NA,COMO 5uM BaP,COMO 5uM BaP-NA-Arena 13-1,325.284,260.322,237.342,241.93,154.663,112.928,146.005,131.181,176.333,116.744,154.287,126.201,156.733,150.085,185.633,165.519,144.737,113.53,164.272,126.528,111.783,127.536,181.549,132.143,254.925,182.957,178.928,178.528,138.584,147.368,116.151,168.069,187.513,94.67,94.23,90.878,177.578
GO000012-F0,NA,COMO 5uM BaP,COMO 5uM BaP-NA-Arena 13-2,285.978,274.353,265.303,241.403,270.852,287.46,270.416,244.489,234.831,302.779,248.203,264.843,184.679,286.208,279.303,187.705,242.247,281.074,234.739,266.087,241.76,244.997,283.151,372.12,314.876,325.028,307.794,252.08,324.632,267.373,294.533,257.687,279.646,306.407,245.622,273.659,82.268
GO000012-F0,NA,COMO 5uM BaP,COMO 5uM BaP-NA-Arena 13-NA,173.821,200.682,172.392,186.142,165.044,146.373,168.241,166.023,185.6,182.047,161.65,150.427,158.082,150.568,144.252,157.867,155.632,164.256,149.075,152.56,143.321,139.438,150.336,127.151,NA,NA,NA,NA,NA,NA,NA,NA,NA,NA,NA,NA,NA
GO000012-F0,NA,COMO 5uM BaP,COMO 5uM BaP-NA-Arena 14-1,398.951,488.943,352.928,274.926,343.82,358.292,278.886,361.216,342.01,282.182,349.738,363.774,338.002,355.26,362.366,349.904,345.873,266.618,346.331,306.272,276.469,321.857,317.79,257.73,323.234,335.487,299.945,306.086,316.01,338.104,378.801,303.473,377.307,270.821,259.503,407.953,369.046
GO000012-F0,NA,COMO 5uM BaP,COMO 5uM BaP-NA-Arena 14-2,327.157,343.48,275.324,317.594,330.629,280.139,281.551,263.522,290.036,272.261,306.197,261.05,304.94,290.421,280.467,269.847,273.963,282.816,277.422,271.567,279.329,284.893,296.206,283.188,275.332,259.486,253.708,349.928,282.434,267.118,298.27,288.627,295.144,290.141,271.814,288.273,90.325
GO000012-F0,NA,COMO 5uM BaP,COMO 5uM BaP-NA-Arena 14-NA,205.078,153.894,188.518,332.764,298.777,220.52,197.044,242.894,219.444,252.003,219.862,269.975,165.722,133.521,269.039,274.319,325.796,333.811,322.416,328.119,289.861,316.024,283.554,234.543,NA,NA,NA,NA,NA,NA,NA,NA,NA,NA,NA,NA,NA
GO000012-F0,NA,COMO 5uM BaP,COMO 5uM BaP-NA-Arena 15-1,366.396,463.512,450.708,432.794,350.039,263.821,411.743,443.43,372.924,341.424,322.23,271.127,268.678,317.865,294.526,307.885,250.157,230.317,250.479,284.933,238.261,287.298,257.008,326.114,330.893,315.447,301.684,314.565,373.343,389.124,322.155,282.103,296.254,241.124,286.421,252.242,225.274
GO000012-F0,NA,COMO 5uM BaP,COMO 5uM BaP-NA-Arena 15-2,138.082,342.951,313.199,249.067,277.726,297.159,246.636,267.113,213.91,201.419,241.29,288.842,223.418,282.129,213.218,198.153,221.768,174.44,250.011,160.249,183.165,345.888,222.432,259.034,285.55,227.257,148.347,229.765,243.908,101.46,152.149,166.51,154.513,267.933,250.823,234.843,36.979
GO000012-F0,NA,COMO 5uM BaP,COMO 5uM BaP-NA-Arena 15-NA,278.474,217.124,211.857,194.545,213.952,162.975,206.536,258.002,229.479,207.952,191.981,187.021,187.017,158.437,180.325,159.027,165.029,185.064,194.119,202.911,207.488,213.979,194.563,157.121,NA,NA,NA,NA,NA,NA,NA,NA,NA,NA,NA,NA,NA
GO000012-F0,NA,COMO 5uM BaP,COMO 5uM BaP-NA-Arena 16-1,190.563,185.068,229.201,192.816,129.235,223.528,248.284,241.263,126.231,103.338,172.056,208.589,156.259,153.539,151.583,149.884,141.919,162.34,174.783,147.953,165.285,155.657,178.863,61.783,168.2,150.347,135.301,150.817,105.079,139.319,188.714,186.019,158.986,131.024,172.898,171.912,172.101
GO000012-F0,NA,COMO 5uM BaP,COMO 5uM BaP-NA-Arena 16-2,224.065,196.805,249.434,261.604,234.704,247.317,207.518,211.163,210.193,205.422,202.52,208.931,214.966,188.822,179.98,163.933,209.682,189.447,157.687,113.611,180.951,177.358,172.34,204.714,195.503,187.41,185.798,175.711,154.089,183.394,207.551,182.097,210.71,152.704,147.044,165.93,61.966
GO000012-F0,NA,COMO 5uM BaP,COMO 5uM BaP-NA-Arena 16-NA,219.923,187.059,203.435,245.236,223.859,219.33,174.4,226.435,216.6,237.068,233.674,239.035,226.06,225.13,201.032,232.391,216.696,197.511,201.881,196.441,192.319,203.296,205.6,162.1,NA,NA,NA,NA,NA,NA,NA,NA,NA,NA,NA,NA,NA
GO000012-F0,NA,COMO 5uM BaP,COMO 5uM BaP-NA-Arena 5-1,210.038,189.5,218.59,215.27,159.677,194.307,177.87,233.177,171.779,175.609,245.786,323.68,216.751,201.758,222.439,215.247,195.918,183.211,187.172,179.368,197.565,169.842,177.009,175.232,226.925,206.343,145.919,307.076,198.005,182.845,199.892,154.217,302.637,215.308,228.702,188.974,169.026
GO000012-F0,NA,COMO 5uM BaP,COMO 5uM BaP-NA-Arena 5-2,270.182,305.257,242.089,250.757,294.093,256.217,292.83,249.14,247.731,237.334,205.48,210.672,239.154,218.097,219.199,210.628,219.49,204.272,264,199.985,216.292,246.822,194.451,186.468,198.469,180.883,189.31,191.798,199.864,210.582,187.188,189.027,204.416,249.796,197.476,186.497,54.074
GO000012-F0,NA,COMO 5uM BaP,COMO 5uM BaP-NA-Arena 5-NA,178.997,168.693,169.947,98.849,156.935,176.842,192.732,190.114,165.881,179.338,178.813,145.733,167.148,214.12,171.133,168.849,169.677,168.499,168.142,170.856,157.57,159.956,134.303,139.34,NA,NA,NA,NA,NA,NA,NA,NA,NA,NA,NA,NA,NA
GO000012-F0,NA,COMO 5uM BaP,COMO 5uM BaP-NA-Arena 6-1,132.572,138.851,144.956,139.32,123.297,124.399,127.225,139.418,131.5,138.33,141.037,145.566,131.598,116.506,148.255,127.652,136.569,134.842,164.077,132.656,137.498,133.676,134.012,160.197,141.061,153.117,143.567,148.01,147.499,144.827,138.112,130.613,145.215,135.159,122.184,137.62,129.434
GO000012-F0,NA,COMO 5uM BaP,COMO 5uM BaP-NA-Arena 6-2,241.322,237.75,241.081,215.791,231.784,281.855,303.38,273.809,272.403,293.033,305.998,288.16,281.213,254.41,237.023,262.423,223.045,245.95,255.794,261.814,262.253,243.602,214.208,222.456,238.619,228.595,239.93,314.361,241.622,226.639,264.877,245.574,332.468,370.05,358.936,377.435,109.969
GO000012-F0,NA,COMO 5uM BaP,COMO 5uM BaP-NA-Arena 6-NA,365.862,279.404,283.672,333.655,430.369,288.864,292.572,297.511,368.047,304.356,356.8,335.07,301.213,357.188,328.842,380.456,305.94,312.203,372.391,404.775,294.935,247.88,269.11,287.542,NA,NA,NA,NA,NA,NA,NA,NA,NA,NA,NA,NA,NA
GO000012-F0,NA,COMO 5uM BaP,COMO 5uM BaP-NA-Arena 7-1,346.422,275.694,289.806,247.207,244.456,264.001,248.762,261.223,223.823,263.202,219.266,193.183,208.097,215.062,151.545,202.61,228.148,278.072,221.175,260.954,240.101,222.316,183.344,238.876,205.879,214.779,229.445,252.394,261.385,277.937,178.367,195.777,235.925,243.661,199.817,279.999,188.918
GO000012-F0,NA,COMO 5uM BaP,COMO 5uM BaP-NA-Arena 7-2,255.618,200.003,194.524,183.156,204.194,187.976,194.053,193.815,204.558,187.188,194.576,175.678,197.623,209.536,190.014,184.916,203.799,173.409,204.704,179.987,226.516,184.915,190.055,234.635,203.493,153.432,150.559,172.745,167.876,161.272,182.002,195.3,187.902,165.652,179.261,220.326,43.538
GO000012-F0,NA,COMO 5uM BaP,COMO 5uM BaP-NA-Arena 7-NA,158.872,152.921,171.441,165.566,174.561,169.087,146.942,170.457,165.809,182.757,175.964,151.489,156.801,145.491,141.181,156.931,174.998,153.487,163.914,162.579,176.567,171.937,157.075,128.373,NA,NA,NA,NA,NA,NA,NA,NA,NA,NA,NA,NA,NA
GO000012-F0,NA,COMO 5uM BaP,COMO 5uM BaP-NA-Arena 8-1,356.37,367.912,376.876,335.595,362.615,343.61,397.4,376.66,339.769,282.31,305.566,299.366,254.971,269.678,302.857,293.415,299.831,292.115,239.367,246.432,312.605,279.124,343.739,346.57,258.428,199.168,207.07,247.342,283.485,252.332,234.411,253.015,267.074,260.137,260.114,273.902,358.249
GO000012-F0,NA,COMO 5uM BaP,COMO 5uM BaP-NA-Arena 8-2,401.271,285.23,225.138,269.992,224.051,232.727,287.737,237.947,246.034,248.089,254.604,306.841,289.154,296.02,262.477,250.971,257.803,248.664,233.033,231.581,238.468,234.129,238.073,254.01,290.074,314.623,266.02,301.768,281.796,262.769,304.973,254.421,300.567,317.614,323.464,313.567,95.613
GO000012-F0,NA,COMO 5uM BaP,COMO 5uM BaP-NA-Arena 8-NA,285.29,187.298,182.901,186.912,194.24,192.734,222.652,213.58,257.71,216.197,289.233,194.309,203.124,173.727,198.758,215.404,171.358,202.518,187.118,208.311,292.066,264.1,202.495,186.79,NA,NA,NA,NA,NA,NA,NA,NA,NA,NA,NA,NA,NA
GO000012-F0,NA,COMO 5uM BaP,COMO 5uM BaP-NA-Arena 9-1,318.659,283.473,294.302,285.9,329.861,312.818,357.977,334.825,307.125,340.427,320.649,301.625,291.737,294.661,332.418,330.02,291.012,307.792,273.183,296.567,283.85,326.087,306.885,296.554,233.839,246.556,250.152,282.101,231.356,263.264,242.583,252.272,324.648,279.662,227.822,234.568,200.412
GO000012-F0,NA,COMO 5uM BaP,COMO 5uM BaP-NA-Arena 9-2,299.492,225.95,237.762,211.948,286.292,324.148,234.61,273.069,224.858,197.556,246.695,244.814,176.135,217.231,192.883,182.382,216.345,166.554,219.508,173.165,193.615,172.236,180.095,174.048,182.321,211.016,218.843,196.99,193.125,202.859,193.364,324.9,218.577,184.848,210.786,181.684,52.231
GO000012-F0,NA,COMO 5uM BaP,COMO 5uM BaP-NA-Arena 9-NA,208.637,207.925,202.388,201.052,208.536,242.955,204.828,199.945,183.115,308.221,173.844,160.292,181.614,163.911,174.035,167.746,178.399,165.752,172.115,191.286,167.292,167.067,186.845,129.925,NA,NA,NA,NA,NA,NA,NA,NA,NA,NA,NA,NA,NA
GO000012-F0,NA,COMO DMSO,COMO DMSO-NA-Arena 10-1,319.954,365.203,338.602,319.166,394.853,322.15,429.318,334.369,329.213,244.859,285.404,251.771,261.071,286.181,296.207,279.278,266.5,252.628,290.938,352.43,245.175,236.694,279.415,341.313,289.165,925.435,773.255,638.496,563.554,697.841,260.572,308.213,261.465,298.367,321.829,639.917,99.09
GO000012-F0,NA,COMO DMSO,COMO DMSO-NA-Arena 10-2,0,0,0,0,0,0,0,0,0,0,0,0,0,0,0,0,0,0,0,0,0,0,NA,NA,NA,NA,NA,NA,NA,NA,NA,NA,NA,NA,NA,NA,NA
GO000012-F0,NA,COMO DMSO,COMO DMSO-NA-Arena 10-3,281.348,253.407,228.663,308.177,314.828,285.764,286.347,290.63,318.847,334.804,301.522,292.01,304.479,338.951,321.434,297.998,325.074,252.757,296.183,288.883,281.796,251.789,259.637,NA,NA,NA,NA,NA,NA,NA,NA,NA,NA,NA,NA,NA,NA
GO000012-F0,NA,COMO DMSO,COMO DMSO-NA-Arena 10-4,276.656,301.887,302.404,223.272,302.741,271.099,281.395,287.067,290.957,265.848,295.684,257.872,254.423,277.453,268.99,260.519,280.475,280.554,278.125,280.395,270.237,279.712,230.129,220.717,16.098,NA,NA,NA,NA,NA,NA,NA,NA,NA,NA,NA,NA
GO000012-F0,NA,COMO DMSO,COMO DMSO-NA-Arena 11-1,322.764,287.139,319.55,255.89,253.909,235.863,220.041,227.048,266.126,276.544,433.063,10.844,16.449,170.799,372.062,308.61,299.285,321.188,242.457,300.005,215.84,203.729,289.746,273.647,289.67,89.9,282.877,313.602,266.809,316.835,246.886,200.172,276.18,203.819,219.283,358.104,54.178
GO000012-F0,NA,COMO DMSO,COMO DMSO-NA-Arena 11-2,0,0,0,0,0,0,0,0,0,0,0,0,0,0,0,0,0,0,0,0,0,0,NA,NA,NA,NA,NA,NA,NA,NA,NA,NA,NA,NA,NA,NA,NA
GO000012-F0,NA,COMO DMSO,COMO DMSO-NA-Arena 11-3,181.963,180.039,184.795,171.22,155.858,157.199,172.157,165.849,140.849,147.424,225.499,214.192,164.885,153.902,147.3,168.067,159.235,165.971,175.357,160.402,179.963,218.835,163.07,NA,NA,NA,NA,NA,NA,NA,NA,NA,NA,NA,NA,NA,NA
GO000012-F0,NA,COMO DMSO,COMO DMSO-NA-Arena 11-4,199.378,186.727,190.516,171.05,182.101,183.596,176.072,182.507,192.616,165.247,176.32,163.382,181.113,169.326,158.403,168.971,154.905,159.77,155.263,183.211,196.047,161.032,160.997,147.504,10.246,NA,NA,NA,NA,NA,NA,NA,NA,NA,NA,NA,NA
GO000012-F0,NA,COMO DMSO,COMO DMSO-NA-Arena 12-1,243.021,461.802,429.974,390.47,400.025,467.879,442.708,463.239,440.699,367.22,408.393,467.062,417.474,452.773,455.186,442.974,371.935,503.859,480.99,514.047,528.203,437.53,465.246,398.935,492.918,476.322,517.541,503.512,495.482,539.171,527.706,514.546,493.172,381.522,490.702,512.646,61.391
GO000012-F0,NA,COMO DMSO,COMO DMSO-NA-Arena 12-2,0,0,0,0,0,0,0,0,0,0,0,0,0,0,0,0,0,0,0,0,0,0,NA,NA,NA,NA,NA,NA,NA,NA,NA,NA,NA,NA,NA,NA,NA
GO000012-F0,NA,COMO DMSO,COMO DMSO-NA-Arena 12-3,319.605,343.317,313.949,267.744,229.319,281.194,302.345,234.129,252.093,229.33,227.581,244.078,223.863,257.496,261.936,264.462,286.693,302.459,339.948,307.785,252.329,238.636,307.803,NA,NA,NA,NA,NA,NA,NA,NA,NA,NA,NA,NA,NA,NA
GO000012-F0,NA,COMO DMSO,COMO DMSO-NA-Arena 12-4,335.75,338.802,348.993,217.915,309.311,250.949,223.806,271.47,255.017,205.582,259.909,189.5,263.977,250.344,215.472,274.695,276.977,177.077,188.355,270.09,201.056,221.591,210.333,238.143,16.547,NA,NA,NA,NA,NA,NA,NA,NA,NA,NA,NA,NA
GO000012-F0,NA,COMO DMSO,COMO DMSO-NA-Arena 13-1,219.852,195.741,200.073,194.279,154.041,215.658,190.733,222.416,106.575,14.425,0,0,0,0,0,0,0,0,0,0,0,0,0,0,0,38.487,173.058,129.005,93.792,127.924,100.138,122.999,148.522,99.77,126.204,105.92,11.708
GO000012-F0,NA,COMO DMSO,COMO DMSO-NA-Arena 13-2,0,0,0,0,0,0,0,0,0,0,0,0,0,0,0,0,0,0,0,0,0,0,NA,NA,NA,NA,NA,NA,NA,NA,NA,NA,NA,NA,NA,NA,NA
GO000012-F0,NA,COMO DMSO,COMO DMSO-NA-Arena 13-3,353.434,280.803,301.013,286.415,297.517,295.52,256.466,278.071,268.525,282.548,305.094,249.063,236.572,268.607,238.582,213.765,181.071,230.733,166.485,219.314,178.5,239.784,225.12,NA,NA,NA,NA,NA,NA,NA,NA,NA,NA,NA,NA,NA,NA
GO000012-F0,NA,COMO DMSO,COMO DMSO-NA-Arena 13-4,228.095,237.7,262.697,189.788,192.9,207.587,181.427,257.596,219.518,208.443,299.202,301.225,330.216,279.102,249.916,285.047,252.041,241.674,267.756,242.509,340.131,322.339,252.401,266.707,21.917,NA,NA,NA,NA,NA,NA,NA,NA,NA,NA,NA,NA
GO000012-F0,NA,COMO DMSO,COMO DMSO-NA-Arena 14-1,291.584,305.468,281.68,252.049,259.58,278.786,271.249,204.918,184.846,203.536,191.744,187.547,193.942,175.106,191.68,180.328,167.392,217.88,177.354,139.66,157.558,162.16,190.136,155.583,171.092,179.534,119.267,143.748,200.941,149.13,146.42,207.507,174.715,114.577,101.204,151.574,15.32
GO000012-F0,NA,COMO DMSO,COMO DMSO-NA-Arena 14-2,0,0,0,0,0,0,0,0,0,0,0,0,0,0,0,0,0,0,0,0,0,0,NA,NA,NA,NA,NA,NA,NA,NA,NA,NA,NA,NA,NA,NA,NA
GO000012-F0,NA,COMO DMSO,COMO DMSO-NA-Arena 14-3,204.061,199.12,181.42,186.462,195.844,177.157,178.663,178.282,177.342,203.404,164.079,155.733,185.17,212.35,168.749,167.18,183.469,176.41,140.792,184.158,141.891,165.051,211.656,NA,NA,NA,NA,NA,NA,NA,NA,NA,NA,NA,NA,NA,NA
GO000012-F0,NA,COMO DMSO,COMO DMSO-NA-Arena 14-4,248.064,314.622,285.087,209.838,196.163,171.411,194.951,157.131,171.751,196.221,211.707,175.581,208.541,185.825,184.102,162.206,163.469,190.362,167.115,186.481,184.911,182.838,158.879,193.031,10.837,NA,NA,NA,NA,NA,NA,NA,NA,NA,NA,NA,NA
GO000012-F0,NA,COMO DMSO,COMO DMSO-NA-Arena 15-1,205.447,196.5,251.299,240.694,242.36,239.694,238.413,244.067,258.569,218.542,221.179,215.423,211.465,207.959,212.135,222.255,205.461,225.821,210.467,209.38,211.072,213.134,222.665,219.611,219.575,186.149,210.13,224.6,209.467,196.604,187.33,178.989,203.177,183.804,187.974,165.435,8.271
GO000012-F0,NA,COMO DMSO,COMO DMSO-NA-Arena 15-2,0,0,0,0,0,0,0,0,0,0,0,0,0,0,0,0,0,0,0,0,0,0,NA,NA,NA,NA,NA,NA,NA,NA,NA,NA,NA,NA,NA,NA,NA
GO000012-F0,NA,COMO DMSO,COMO DMSO-NA-Arena 15-3,279.031,227.596,216.066,273.86,253.915,206.321,185.855,176.363,204.033,202.412,135.922,140.904,183.814,138.342,115.038,146.532,142.578,144.45,214.182,131.396,176.083,217.693,222.713,NA,NA,NA,NA,NA,NA,NA,NA,NA,NA,NA,NA,NA,NA
GO000012-F0,NA,COMO DMSO,COMO DMSO-NA-Arena 15-4,140.191,170.706,190.468,178.467,208.192,199.069,164.658,151.503,175.132,175.858,243.976,225.92,234.478,229.034,202.186,182.139,164.505,199.234,150.212,195.448,228.41,203.897,134.874,151.375,12.711,NA,NA,NA,NA,NA,NA,NA,NA,NA,NA,NA,NA
GO000012-F0,NA,COMO DMSO,COMO DMSO-NA-Arena 16-1,189.006,175.939,182.494,196.994,266.189,181.752,212.917,210.867,256.789,200.593,205.968,224.022,202.773,173.658,180.956,200.952,176.555,191.907,206.12,203.534,163.909,192.121,170.792,211.324,180.632,177.047,194.003,184.003,254.808,177.491,162.754,185.116,184.246,186.197,186.349,181.281,17.327
GO000012-F0,NA,COMO DMSO,COMO DMSO-NA-Arena 16-2,0,0,0,0,0,0,0,0,0,0,0,0,0,0,0,0,0,0,0,0,0,0,NA,NA,NA,NA,NA,NA,NA,NA,NA,NA,NA,NA,NA,NA,NA
GO000012-F0,NA,COMO DMSO,COMO DMSO-NA-Arena 16-3,311.386,266.716,286.661,245.193,174.343,210.156,244.445,254.492,261.457,248.698,216.391,254.843,251.335,239.349,203.885,160.488,186.471,214.327,186.373,211.059,239.02,227.559,231.71,NA,NA,NA,NA,NA,NA,NA,NA,NA,NA,NA,NA,NA,NA
GO000012-F0,NA,COMO DMSO,COMO DMSO-NA-Arena 16-4,219.384,246.777,219.564,208.298,242.751,180.141,205.302,224.866,216.871,225.051,160.667,148.664,217.626,173.604,129.946,160.918,183.491,103.77,87.581,88.847,109.072,162.113,172.745,111.106,10.976,NA,NA,NA,NA,NA,NA,NA,NA,NA,NA,NA,NA
GO000012-F0,NA,COMO DMSO,COMO DMSO-NA-Arena 5-1,536.451,602.617,510.247,718.41,508.768,275.706,229.941,194.775,266.441,236.154,263.304,283.692,218.406,217.663,186.796,196.244,256.592,228.175,212.542,208.361,203.33,211.407,334.519,276.011,231.582,204.631,208.011,261.554,329.022,228.005,291.763,319.394,229.446,196.534,189.868,213.751,24.891
GO000012-F0,NA,COMO DMSO,COMO DMSO-NA-Arena 5-2,250.314,267.191,238.732,230.152,202.318,213.104,257.011,246.491,193.168,184.383,209.743,189.221,196.057,196.126,219.907,183.683,250.164,248.49,158.274,185.277,162.125,114.005,NA,NA,NA,NA,NA,NA,NA,NA,NA,NA,NA,NA,NA,NA,NA
GO000012-F0,NA,COMO DMSO,COMO DMSO-NA-Arena 5-3,265.201,307.012,354.616,305.417,254.137,255.851,245.306,262.009,398.297,257.712,277.579,231.388,181.997,236.274,237.359,321.641,293.281,242.114,214.102,232.892,235.088,272.624,227.456,NA,NA,NA,NA,NA,NA,NA,NA,NA,NA,NA,NA,NA,NA
GO000012-F0,NA,COMO DMSO,COMO DMSO-NA-Arena 5-4,301.518,389.424,387.658,395.544,453.736,349.16,306.664,418.247,450.824,466.103,445.409,323.343,305.46,295.198,355.419,316.135,292.706,247.073,378.035,459.314,405.661,495.704,424.778,490.855,51.483,NA,NA,NA,NA,NA,NA,NA,NA,NA,NA,NA,NA
GO000012-F0,NA,COMO DMSO,COMO DMSO-NA-Arena 6-1,235.431,238.251,277.988,302.853,231.919,281.346,262.702,261.592,258.026,234.584,244.845,244.927,266.017,225.896,215.963,244.211,225.515,246.401,236.113,247.804,252.815,266.595,232.03,285.087,249.222,290.709,369.017,352.23,410.289,389.605,344.677,372.189,405.308,344.475,307.859,322.991,31.806
GO000012-F0,NA,COMO DMSO,COMO DMSO-NA-Arena 6-2,7.582,42.431,63.86,480.141,275.214,150.345,182.538,256.188,206.473,166.392,176.852,198.282,200.308,145.259,132.812,101.073,135.941,144.028,92.988,146.864,105.394,64.341,NA,NA,NA,NA,NA,NA,NA,NA,NA,NA,NA,NA,NA,NA,NA
GO000012-F0,NA,COMO DMSO,COMO DMSO-NA-Arena 6-3,199.294,248.189,198.752,223.818,329.747,304.655,224.525,227.526,193.511,232.907,214.64,238.66,210.681,203.939,285.372,247.948,244.549,268.288,238.665,205.814,223.075,208.452,198.104,NA,NA,NA,NA,NA,NA,NA,NA,NA,NA,NA,NA,NA,NA
GO000012-F0,NA,COMO DMSO,COMO DMSO-NA-Arena 6-4,258.156,314.459,281.453,244.339,236.114,276.474,243.797,270.912,251.165,241.369,263.949,246.61,240.262,242.567,309.764,271.755,226.977,198.179,190.232,227.407,210.736,230.094,210.08,212.984,20.872,NA,NA,NA,NA,NA,NA,NA,NA,NA,NA,NA,NA
GO000012-F0,NA,COMO DMSO,COMO DMSO-NA-Arena 7-1,285.688,246.261,271.776,258.325,235.896,218.236,237.938,194.91,208.352,235.749,230.673,249.835,256.775,179.778,189.493,219.291,203.896,220.636,204.72,191.561,217.58,231.748,225.388,228.705,278.234,245.529,215.804,215.578,194.237,197.545,233.038,250.138,215.22,223.365,253.105,177.83,17.198
GO000012-F0,NA,COMO DMSO,COMO DMSO-NA-Arena 7-2,11.643,15.122,4.105,8.738,74.214,109.333,21.195,22.522,15.641,222.154,289.463,303.351,342.902,297.883,230.302,227.473,285.513,224.115,248.926,39.126,19.271,121.022,NA,NA,NA,NA,NA,NA,NA,NA,NA,NA,NA,NA,NA,NA,NA
GO000012-F0,NA,COMO DMSO,COMO DMSO-NA-Arena 7-3,272.556,243.873,238.833,263.566,240.226,234.214,238.812,216.01,218.099,206.708,191.233,195.972,202.08,202.282,178.196,200.491,208.888,206.875,191.199,188.53,209.983,237.134,214.475,NA,NA,NA,NA,NA,NA,NA,NA,NA,NA,NA,NA,NA,NA
GO000012-F0,NA,COMO DMSO,COMO DMSO-NA-Arena 7-4,277.95,291.173,362.708,359.293,257.88,291.989,282.209,245.176,188.728,218.943,217.925,251.601,187.262,239.618,225.373,240.849,232.053,213.635,199.032,222.557,313.586,226.55,231.046,228.063,16.215,NA,NA,NA,NA,NA,NA,NA,NA,NA,NA,NA,NA
GO000012-F0,NA,COMO DMSO,COMO DMSO-NA-Arena 8-1,240.368,271.438,302.77,234.256,247.72,203.77,284.056,279.883,237.465,230.963,187.793,251.386,268.157,267.015,239.03,271.98,266.497,277.098,189.565,248.226,221.716,293.659,290.786,264.233,239.705,258.769,302.297,236.406,261.921,268.7,243.544,201.019,284.088,261.659,226.968,249.256,19.745
GO000012-F0,NA,COMO DMSO,COMO DMSO-NA-Arena 8-2,307.965,337.608,315.535,341.314,378.406,354.246,317.861,301.544,269.376,290.178,293.299,273.734,259.38,236.966,264.828,305.883,271.311,264.581,265.489,283.072,278.848,169.816,NA,NA,NA,NA,NA,NA,NA,NA,NA,NA,NA,NA,NA,NA,NA
GO000012-F0,NA,COMO DMSO,COMO DMSO-NA-Arena 8-3,244.323,269.943,218.887,224.024,241.296,224.699,190.835,200.566,238.487,201.52,198.81,230.41,254.858,224.297,212.12,196.453,211.116,208.871,241.321,203.445,223.258,184.642,197.836,NA,NA,NA,NA,NA,NA,NA,NA,NA,NA,NA,NA,NA,NA
GO000012-F0,NA,COMO DMSO,COMO DMSO-NA-Arena 8-4,311.159,266.384,289.239,234.29,343.039,225.215,249.419,335.903,328.964,300.435,324.845,328.429,335.407,328.694,346.401,302.059,329.395,299.102,338.455,322.294,283.163,191.777,217.723,193.028,19.517,NA,NA,NA,NA,NA,NA,NA,NA,NA,NA,NA,NA
GO000012-F0,NA,COMO DMSO,COMO DMSO-NA-Arena 9-1,255.51,202.497,191.714,226.143,186.822,176.054,182.302,208.012,221.033,197.638,175.173,196.908,191.287,168.4,151.47,184.288,171.724,189.289,199.665,175.864,161.993,191.595,165.295,153.548,155.189,178.676,161.734,194.253,166.008,200.105,218.168,206.034,107.814,183.541,168.401,181.071,15.555
GO000012-F0,NA,COMO DMSO,COMO DMSO-NA-Arena 9-2,0,0,0,0,0,0,0,0,0,0,0,0,0,0,0,0,0,0,0,0,0,0,NA,NA,NA,NA,NA,NA,NA,NA,NA,NA,NA,NA,NA,NA,NA
GO000012-F0,NA,COMO DMSO,COMO DMSO-NA-Arena 9-3,191.234,228.509,197.681,222.596,190.569,230.002,230.742,189.045,208.882,196.485,208.331,207.891,214.376,169.925,184.869,223.6,175.773,237.064,186.696,194.598,173.31,179.385,198.021,NA,NA,NA,NA,NA,NA,NA,NA,NA,NA,NA,NA,NA,NA
GO000012-F0,NA,COMO DMSO,COMO DMSO-NA-Arena 9-4,352.613,371.19,379.859,349.802,347.755,375.792,361.644,342.89,353.499,366.002,360.278,337.599,357.693,336.014,329.366,357.026,332.347,310.353,323.715,269.074,301.769,292.859,270.775,302.458,19.857,NA,NA,NA,NA,NA,NA,NA,NA,NA,NA,NA,NA